gen,description,ret,max_dd,nav,trades,wins,losses,wr,sharpe,pf,status
0,Gen 0: النواة المعتمدة السابقة v127.2,1070.3653559693344,27.03947220871062,4681.461423877337,1554,828,726,53.28185328185329,1.9186674811863564,2.682001484947577,BASELINE
1,Gen 1: وقف P1 = 1.8 ATR,1070.3653559693344,27.03947220871062,4681.461423877337,1554,828,726,53.28185328185329,1.9186674811863564,2.682001484947577,MUTATED
2,Gen 2: وقف P1 = 1.817 ATR,1070.3653559693344,27.03947220871062,4681.461423877337,1554,828,726,53.28185328185329,1.9186674811863564,2.682001484947577,MUTATED
3,Gen 3: وقف P1 = 1.833 ATR,1070.3653559693344,27.03947220871062,4681.461423877337,1554,828,726,53.28185328185329,1.9186674811863564,2.682001484947577,MUTATED
4,Gen 4: وقف P1 = 1.85 ATR,1070.3653559693344,27.03947220871062,4681.461423877337,1554,828,726,53.28185328185329,1.9186674811863564,2.682001484947577,MUTATED
5,Gen 5: وقف P1 = 1.867 ATR,1070.3653559693344,27.03947220871062,4681.461423877337,1554,828,726,53.28185328185329,1.9186674811863564,2.682001484947577,MUTATED
6,Gen 6: وقف P1 = 1.883 ATR,1070.3653559693344,27.03947220871062,4681.461423877337,1554,828,726,53.28185328185329,1.9186674811863564,2.682001484947577,MUTATED
7,Gen 7: وقف P1 = 1.9 ATR,1070.3653559693344,27.03947220871062,4681.461423877337,1554,828,726,53.28185328185329,1.9186674811863564,2.682001484947577,MUTATED
8,Gen 8: وقف P1 = 1.917 ATR,1070.3653559693344,27.03947220871062,4681.461423877337,1554,828,726,53.28185328185329,1.9186674811863564,2.682001484947577,MUTATED
9,Gen 9: وقف P1 = 1.933 ATR,1070.3653559693344,27.03947220871062,4681.461423877337,1554,828,726,53.28185328185329,1.9186674811863564,2.682001484947577,MUTATED
10,Gen 10: وقف P1 = 1.95 ATR,1070.3653559693344,27.03947220871062,4681.461423877337,1554,828,726,53.28185328185329,1.9186674811863564,2.682001484947577,MUTATED
11,Gen 11: T1 في P1 = 5.0 ATR (20%),1070.3653559693344,27.03947220871062,4681.461423877337,1554,828,726,53.28185328185329,1.9186674811863564,2.682001484947577,MUTATED
12,Gen 12: T1 في P1 = 5.09 ATR (20%),1070.3653559693344,27.03947220871062,4681.461423877337,1554,828,726,53.28185328185329,1.9186674811863564,2.682001484947577,MUTATED
13,Gen 13: T1 في P1 = 5.18 ATR (20%),1070.3653559693344,27.03947220871062,4681.461423877337,1554,828,726,53.28185328185329,1.9186674811863564,2.682001484947577,MUTATED
14,Gen 14: T1 في P1 = 5.27 ATR (20%),1070.3653559693344,27.03947220871062,4681.461423877337,1554,828,726,53.28185328185329,1.9186674811863564,2.682001484947577,MUTATED
15,Gen 15: T1 في P1 = 5.36 ATR (20%),1070.3653559693344,27.03947220871062,4681.461423877337,1554,828,726,53.28185328185329,1.9186674811863564,2.682001484947577,MUTATED
16,Gen 16: T1 في P1 = 5.44 ATR (20%),1070.3653559693344,27.03947220871062,4681.461423877337,1554,828,726,53.28185328185329,1.9186674811863564,2.682001484947577,MUTATED
17,Gen 17: T1 في P1 = 5.53 ATR (20%),1070.3653559693344,27.03947220871062,4681.461423877337,1554,828,726,53.28185328185329,1.9186674811863564,2.682001484947577,MUTATED
18,Gen 18: T1 في P1 = 5.62 ATR (20%),1070.3653559693344,27.03947220871062,4681.461423877337,1554,828,726,53.28185328185329,1.9186674811863564,2.682001484947577,MUTATED
19,Gen 19: T1 في P1 = 5.71 ATR (20%),1070.3653559693344,27.03947220871062,4681.461423877337,1554,828,726,53.28185328185329,1.9186674811863564,2.682001484947577,MUTATED
20,Gen 20: T1 في P1 = 5.8 ATR (20%),1070.3653559693344,27.03947220871062,4681.461423877337,1554,828,726,53.28185328185329,1.9186674811863564,2.682001484947577,MUTATED
21,Gen 21: T1 في S2 = 3.8 ATR (15%),1061.4368099505525,27.063164201204415,4645.74723980221,1506,819,687,54.38247011952191,1.9074679151020115,2.716458396110903,ADOPTED
22,Gen 22: T1 في S2 = 3.89 ATR (15%),1063.89867134845,27.05784875426685,4655.5946853938,1531,827,704,54.01698236446767,1.9101473784219263,2.708051926607959,ADOPTED
23,Gen 23: T1 في S2 = 3.98 ATR (15%),1063.89867134845,27.05784875426685,4655.5946853938,1531,827,704,54.01698236446767,1.9101473784219263,2.708051926607959,MUTATED
24,Gen 24: T1 في S2 = 4.07 ATR (15%),1063.89867134845,27.05784875426685,4655.5946853938,1531,827,704,54.01698236446767,1.9101473784219263,2.708051926607959,MUTATED
25,Gen 25: T1 في S2 = 4.16 ATR (15%),1065.4185380367128,27.041849289452053,4661.674152146851,1532,817,715,53.328981723237604,1.913128064448854,2.6951675532275368,ADOPTED
26,Gen 26: T1 في S2 = 4.24 ATR (15%),1068.8525218879781,27.03709337296839,4675.4100875519125,1551,823,728,53.06254029658285,1.9172545187762193,2.6823099049940917,ADOPTED
27,Gen 27: T1 في S2 = 4.33 ATR (15%),1068.8529117693968,27.031734570792626,4675.411647077587,1551,822,729,52.9980657640232,1.9172991760004716,2.6821524627334874,ADOPTED
28,Gen 28: T1 في S2 = 4.42 ATR (15%),1074.242151061898,27.026366867928047,4696.968604247592,1539,814,725,52.89148797920728,1.9218065890596707,2.677292393927315,ADOPTED
29,Gen 29: T1 في S2 = 4.51 ATR (15%),1074.4513482600096,27.020990253286158,4697.805393040038,1537,812,725,52.83018867924528,1.9220597839933702,2.6768958375038374,ADOPTED
30,Gen 30: T1 في S2 = 4.6 ATR (15%),1069.5909604609158,27.16789295522916,4678.363841843663,1521,803,718,52.79421433267587,1.9148764534751292,2.6907547561377765,ADOPTED
31,Gen 31: الوقف المتحرك P1 = 0.02,1071.634860963842,27.16789295522916,4686.539443855368,1521,803,718,52.79421433267587,1.915818221699721,2.692284571658849,ADOPTED
32,Gen 32: الوقف المتحرك P1 = 0.0211,1071.634860963842,27.16789295522916,4686.539443855368,1521,803,718,52.79421433267587,1.915818221699721,2.692284571658849,MUTATED
33,Gen 33: الوقف المتحرك P1 = 0.0222,1071.634860963842,27.16789295522916,4686.539443855368,1521,803,718,52.79421433267587,1.915818221699721,2.692284571658849,MUTATED
34,Gen 34: الوقف المتحرك P1 = 0.0233,1071.634860963842,27.16789295522916,4686.539443855368,1521,803,718,52.79421433267587,1.915818221699721,2.692284571658849,MUTATED
35,Gen 35: الوقف المتحرك P1 = 0.0244,1071.634860963842,27.16789295522916,4686.539443855368,1521,803,718,52.79421433267587,1.915818221699721,2.692284571658849,MUTATED
36,Gen 36: الوقف المتحرك P1 = 0.0256,1071.634860963842,27.16789295522916,4686.539443855368,1521,803,718,52.79421433267587,1.915818221699721,2.692284571658849,MUTATED
37,Gen 37: الوقف المتحرك P1 = 0.0267,1071.634860963842,27.16789295522916,4686.539443855368,1521,803,718,52.79421433267587,1.915818221699721,2.692284571658849,MUTATED
38,Gen 38: الوقف المتحرك P1 = 0.0278,1071.634860963842,27.16789295522916,4686.539443855368,1521,803,718,52.79421433267587,1.915818221699721,2.692284571658849,MUTATED
39,Gen 39: الوقف المتحرك P1 = 0.0289,1071.634860963842,27.16789295522916,4686.539443855368,1521,803,718,52.79421433267587,1.915818221699721,2.692284571658849,MUTATED
40,Gen 40: الوقف المتحرك P1 = 0.03,1071.634860963842,27.16789295522916,4686.539443855368,1521,803,718,52.79421433267587,1.915818221699721,2.692284571658849,MUTATED
41,Gen 41: كابح الهبوط P1 = 8 شمعة,1071.634860963842,27.16789295522916,4686.539443855368,1521,803,718,52.79421433267587,1.915818221699721,2.692284571658849,MUTATED
42,Gen 42: كابح الهبوط P1 = 9 شمعة,1071.634860963842,27.16789295522916,4686.539443855368,1521,803,718,52.79421433267587,1.915818221699721,2.692284571658849,MUTATED
43,Gen 43: كابح الهبوط P1 = 10 شمعة,1071.634860963842,27.16789295522916,4686.539443855368,1521,803,718,52.79421433267587,1.915818221699721,2.692284571658849,MUTATED
44,Gen 44: كابح الهبوط P1 = 11 شمعة,1071.634860963842,27.16789295522916,4686.539443855368,1521,803,718,52.79421433267587,1.915818221699721,2.692284571658849,MUTATED
45,Gen 45: كابح الهبوط P1 = 12 شمعة,1071.634860963842,27.16789295522916,4686.539443855368,1521,803,718,52.79421433267587,1.915818221699721,2.692284571658849,MUTATED
46,Gen 46: كابح الهبوط P1 = 13 شمعة,1071.634860963842,27.16789295522916,4686.539443855368,1521,803,718,52.79421433267587,1.915818221699721,2.692284571658849,MUTATED
47,Gen 47: كابح الهبوط P1 = 14 شمعة,1071.634860963842,27.16789295522916,4686.539443855368,1521,803,718,52.79421433267587,1.915818221699721,2.692284571658849,MUTATED
48,Gen 48: كابح الهبوط P1 = 15 شمعة,1071.634860963842,27.16789295522916,4686.539443855368,1521,803,718,52.79421433267587,1.915818221699721,2.692284571658849,MUTATED
49,Gen 49: كابح الهبوط P1 = 16 شمعة,1071.634860963842,27.16789295522916,4686.539443855368,1521,803,718,52.79421433267587,1.915818221699721,2.692284571658849,MUTATED
50,Gen 50: كابح الهبوط P1 = 17 شمعة,1071.634860963842,27.16789295522916,4686.539443855368,1521,803,718,52.79421433267587,1.915818221699721,2.692284571658849,MUTATED
51,Gen 51: مخاطرة P1 = 3.2%,1071.634860963842,27.16789295522916,4686.539443855368,1521,803,718,52.79421433267587,1.915818221699721,2.692284571658849,MUTATED
52,Gen 52: مخاطرة P1 = 3.3%,1071.634860963842,27.16789295522916,4686.539443855368,1521,803,718,52.79421433267587,1.915818221699721,2.692284571658849,MUTATED
53,Gen 53: مخاطرة P1 = 3.4%,1071.634860963842,27.16789295522916,4686.539443855368,1521,803,718,52.79421433267587,1.915818221699721,2.692284571658849,MUTATED
54,Gen 54: مخاطرة P1 = 3.5%,1071.634860963842,27.16789295522916,4686.539443855368,1521,803,718,52.79421433267587,1.915818221699721,2.692284571658849,MUTATED
55,Gen 55: مخاطرة P1 = 3.6%,1071.634860963842,27.16789295522916,4686.539443855368,1521,803,718,52.79421433267587,1.915818221699721,2.692284571658849,MUTATED
56,Gen 56: مخاطرة P1 = 3.8%,1071.634860963842,27.16789295522916,4686.539443855368,1521,803,718,52.79421433267587,1.915818221699721,2.692284571658849,MUTATED
57,Gen 57: مخاطرة P1 = 3.9%,1071.634860963842,27.16789295522916,4686.539443855368,1521,803,718,52.79421433267587,1.915818221699721,2.692284571658849,MUTATED
58,Gen 58: مخاطرة P1 = 4.0%,1071.634860963842,27.16789295522916,4686.539443855368,1521,803,718,52.79421433267587,1.915818221699721,2.692284571658849,MUTATED
59,Gen 59: مخاطرة P1 = 4.1%,1071.634860963842,27.16789295522916,4686.539443855368,1521,803,718,52.79421433267587,1.915818221699721,2.692284571658849,MUTATED
60,Gen 60: مخاطرة P1 = 4.2%,1071.634860963842,27.16789295522916,4686.539443855368,1521,803,718,52.79421433267587,1.915818221699721,2.692284571658849,MUTATED
61,"Gen 61: ميزانيات [np.float64(75.0), np.float64(12.5), np.float64(12.5)]",1071.634860963842,27.16789295522916,4686.539443855368,1521,803,718,52.79421433267587,1.915818221699721,2.692284571658849,MUTATED
62,"Gen 62: ميزانيات [np.float64(75.77777777777777), np.float64(12.1), np.float64(12.1)]",1071.634860963842,27.16789295522916,4686.539443855368,1521,803,718,52.79421433267587,1.915818221699721,2.692284571658849,MUTATED
63,"Gen 63: ميزانيات [np.float64(76.55555555555556), np.float64(11.7), np.float64(11.7)]",1071.634860963842,27.16789295522916,4686.539443855368,1521,803,718,52.79421433267587,1.915818221699721,2.692284571658849,MUTATED
64,"Gen 64: ميزانيات [np.float64(77.33333333333333), np.float64(11.3), np.float64(11.4)]",1071.634860963842,27.16789295522916,4686.539443855368,1521,803,718,52.79421433267587,1.915818221699721,2.692284571658849,MUTATED
65,"Gen 65: ميزانيات [np.float64(78.11111111111111), np.float64(10.9), np.float64(11.0)]",1071.634860963842,27.16789295522916,4686.539443855368,1521,803,718,52.79421433267587,1.915818221699721,2.692284571658849,MUTATED
66,"Gen 66: ميزانيات [np.float64(78.88888888888889), np.float64(10.6), np.float64(10.5)]",1071.634860963842,27.16789295522916,4686.539443855368,1521,803,718,52.79421433267587,1.915818221699721,2.692284571658849,MUTATED
67,"Gen 67: ميزانيات [np.float64(79.66666666666667), np.float64(10.2), np.float64(10.1)]",1071.634860963842,27.16789295522916,4686.539443855368,1521,803,718,52.79421433267587,1.915818221699721,2.692284571658849,MUTATED
68,"Gen 68: ميزانيات [np.float64(80.44444444444444), np.float64(9.8), np.float64(9.8)]",1071.634860963842,27.16789295522916,4686.539443855368,1521,803,718,52.79421433267587,1.915818221699721,2.692284571658849,MUTATED
69,"Gen 69: ميزانيات [np.float64(81.22222222222223), np.float64(9.4), np.float64(9.4)]",1071.634860963842,27.16789295522916,4686.539443855368,1521,803,718,52.79421433267587,1.915818221699721,2.692284571658849,MUTATED
70,"Gen 70: ميزانيات [np.float64(82.0), np.float64(9.0), np.float64(9.0)]",1071.634860963842,27.16789295522916,4686.539443855368,1521,803,718,52.79421433267587,1.915818221699721,2.692284571658849,MUTATED
71,Gen 71: تصعيد P1 = 3.2 ATR (10%),1071.634860963842,27.16789295522916,4686.539443855368,1521,803,718,52.79421433267587,1.915818221699721,2.692284571658849,MUTATED
72,Gen 72: تصعيد P1 = 3.31 ATR (10%),1071.634860963842,27.16789295522916,4686.539443855368,1521,803,718,52.79421433267587,1.915818221699721,2.692284571658849,MUTATED
73,Gen 73: تصعيد P1 = 3.42 ATR (10%),1071.634860963842,27.16789295522916,4686.539443855368,1521,803,718,52.79421433267587,1.915818221699721,2.692284571658849,MUTATED
74,Gen 74: تصعيد P1 = 3.53 ATR (10%),1071.634860963842,27.16789295522916,4686.539443855368,1521,803,718,52.79421433267587,1.915818221699721,2.692284571658849,MUTATED
75,Gen 75: تصعيد P1 = 3.64 ATR (10%),1071.634860963842,27.16789295522916,4686.539443855368,1521,803,718,52.79421433267587,1.915818221699721,2.692284571658849,MUTATED
76,Gen 76: تصعيد P1 = 3.76 ATR (10%),1071.634860963842,27.16789295522916,4686.539443855368,1521,803,718,52.79421433267587,1.915818221699721,2.692284571658849,MUTATED
77,Gen 77: تصعيد P1 = 3.87 ATR (10%),1071.634860963842,27.16789295522916,4686.539443855368,1521,803,718,52.79421433267587,1.915818221699721,2.692284571658849,MUTATED
78,Gen 78: تصعيد P1 = 3.98 ATR (10%),1071.634860963842,27.16789295522916,4686.539443855368,1521,803,718,52.79421433267587,1.915818221699721,2.692284571658849,MUTATED
79,Gen 79: تصعيد P1 = 4.09 ATR (10%),1071.634860963842,27.16789295522916,4686.539443855368,1521,803,718,52.79421433267587,1.915818221699721,2.692284571658849,MUTATED
80,Gen 80: تصعيد P1 = 4.2 ATR (10%),1071.634860963842,27.16789295522916,4686.539443855368,1521,803,718,52.79421433267587,1.915818221699721,2.692284571658849,MUTATED
81,Gen 81: بوابة RS في P1 = 0.06,1071.634860963842,27.16789295522916,4686.539443855368,1521,803,718,52.79421433267587,1.915818221699721,2.692284571658849,MUTATED
82,Gen 82: بوابة RS في P1 = 0.071,1071.634860963842,27.16789295522916,4686.539443855368,1521,803,718,52.79421433267587,1.915818221699721,2.692284571658849,MUTATED
83,Gen 83: بوابة RS في P1 = 0.082,1071.634860963842,27.16789295522916,4686.539443855368,1521,803,718,52.79421433267587,1.915818221699721,2.692284571658849,MUTATED
84,Gen 84: بوابة RS في P1 = 0.093,1071.634860963842,27.16789295522916,4686.539443855368,1521,803,718,52.79421433267587,1.915818221699721,2.692284571658849,MUTATED
85,Gen 85: بوابة RS في P1 = 0.104,1071.634860963842,27.16789295522916,4686.539443855368,1521,803,718,52.79421433267587,1.915818221699721,2.692284571658849,MUTATED
86,Gen 86: بوابة RS في P1 = 0.116,1071.634860963842,27.16789295522916,4686.539443855368,1521,803,718,52.79421433267587,1.915818221699721,2.692284571658849,MUTATED
87,Gen 87: بوابة RS في P1 = 0.127,1071.634860963842,27.16789295522916,4686.539443855368,1521,803,718,52.79421433267587,1.915818221699721,2.692284571658849,MUTATED
88,Gen 88: بوابة RS في P1 = 0.138,1071.634860963842,27.16789295522916,4686.539443855368,1521,803,718,52.79421433267587,1.915818221699721,2.692284571658849,MUTATED
89,Gen 89: بوابة RS في P1 = 0.149,1071.634860963842,27.16789295522916,4686.539443855368,1521,803,718,52.79421433267587,1.915818221699721,2.692284571658849,MUTATED
90,Gen 90: بوابة RS في P1 = 0.16,1071.634860963842,27.16789295522916,4686.539443855368,1521,803,718,52.79421433267587,1.915818221699721,2.692284571658849,MUTATED
91,Gen 91: خروج RSI في P1 = 80.0,1071.634860963842,27.16789295522916,4686.539443855368,1521,803,718,52.79421433267587,1.915818221699721,2.692284571658849,MUTATED
92,Gen 92: خروج RSI في P1 = 81.1,1071.634860963842,27.16789295522916,4686.539443855368,1521,803,718,52.79421433267587,1.915818221699721,2.692284571658849,MUTATED
93,Gen 93: خروج RSI في P1 = 82.2,1071.634860963842,27.16789295522916,4686.539443855368,1521,803,718,52.79421433267587,1.915818221699721,2.692284571658849,MUTATED
94,Gen 94: خروج RSI في P1 = 83.3,1071.634860963842,27.16789295522916,4686.539443855368,1521,803,718,52.79421433267587,1.915818221699721,2.692284571658849,MUTATED
95,Gen 95: خروج RSI في P1 = 84.4,1071.634860963842,27.16789295522916,4686.539443855368,1521,803,718,52.79421433267587,1.915818221699721,2.692284571658849,MUTATED
96,Gen 96: خروج RSI في P1 = 85.6,1071.634860963842,27.16789295522916,4686.539443855368,1521,803,718,52.79421433267587,1.915818221699721,2.692284571658849,MUTATED
97,Gen 97: خروج RSI في P1 = 86.7,1071.634860963842,27.16789295522916,4686.539443855368,1521,803,718,52.79421433267587,1.915818221699721,2.692284571658849,MUTATED
98,Gen 98: خروج RSI في P1 = 87.8,1071.634860963842,27.16789295522916,4686.539443855368,1521,803,718,52.79421433267587,1.915818221699721,2.692284571658849,MUTATED
99,Gen 99: خروج RSI في P1 = 88.9,1071.634860963842,27.16789295522916,4686.539443855368,1521,803,718,52.79421433267587,1.915818221699721,2.692284571658849,MUTATED
100,Gen 100: خروج RSI في P1 = 90.0,1071.634860963842,27.16789295522916,4686.539443855368,1521,803,718,52.79421433267587,1.915818221699721,2.692284571658849,MUTATED
