Month,Year,Total_Trades,Wins_Protected,Losses,Win_Rate_Pct,Daily_Trades_Avg,Monthly_Profit_Fixed_USD,Cumulative_Fixed_USD,Cumulative_Compounding_USD
2021-09,2021,246,243,3,98.83,8.2,3048.43,3448.43,492.0
2021-10,2021,227,223,4,98.26,7.32,3162.73,6611.16,605.16
2021-11,2021,259,254,5,98.12,8.63,3274.86,9886.02,744.35
2021-12,2021,233,228,5,98.28,7.52,2951.71,12837.73,915.55
2022-01,2022,243,239,4,98.53,7.84,2604.68,15442.41,1126.12
2022-02,2022,250,245,5,98.24,8.93,2702.03,18144.44,1385.13
2022-03,2022,229,225,4,98.56,7.39,2729.92,20874.36,1703.71
2022-04,2022,233,229,4,98.61,7.77,3232.43,24106.79,2095.56
2022-05,2022,234,230,4,98.71,7.55,3110.73,27217.52,2577.54
2022-06,2022,233,228,5,98.2,7.77,3319.86,30537.38,3170.38
2022-07,2022,233,228,5,98.22,7.52,3546.07,34083.45,3899.57
2022-08,2022,234,231,3,99.01,7.55,3081.62,37165.07,4796.47
2022-09,2022,250,246,4,98.41,8.33,2777.79,39942.86,5899.65
2022-10,2022,274,269,5,98.28,8.84,3381.41,43324.27,7256.57
2022-11,2022,249,244,5,98.19,8.3,3125.84,46450.11,8925.58
2022-12,2022,228,224,4,98.37,7.35,2687.18,49137.29,10978.47
2023-01,2023,235,231,4,98.38,7.58,3347.28,52484.57,13503.52
2023-02,2023,227,224,3,98.9,8.11,3116.61,55601.18,16609.33
2023-03,2023,232,227,5,98.11,7.48,3235.92,58837.1,20429.47
2023-04,2023,247,244,3,98.83,8.23,3304.94,62142.04,25128.25
2023-05,2023,230,227,3,98.96,7.42,3005.7,65147.74,30907.75
2023-06,2023,222,217,5,98.16,7.4,3357.91,68505.65,38016.53
2023-07,2023,227,224,3,98.83,7.32,2783.95,71289.6,46760.33
2023-08,2023,250,246,4,98.57,8.06,3157.14,74446.74,57515.2
2023-09,2023,245,242,3,98.86,8.17,2921.72,77368.46,70743.7
2023-10,2023,258,254,4,98.59,8.32,3167.55,80536.01,87014.75
2023-11,2023,209,205,4,98.13,6.97,3288.48,83824.49,107028.15
2023-12,2023,223,219,4,98.61,7.19,3343.62,87168.11,131644.62
2024-01,2024,238,234,4,98.51,7.68,3172.28,90340.39,161922.88
2024-02,2024,231,226,5,98.18,7.97,3268.93,93609.32,199165.14
2024-03,2024,230,227,3,99.03,7.42,2957.56,96566.88,231031.57
2024-04,2024,246,243,3,98.97,8.2,3372.55,99939.43,267996.62
2024-05,2024,234,231,3,98.99,7.55,3211.32,103150.75,310876.08
2024-06,2024,257,254,3,99.0,8.57,3126.89,106277.64,360616.25
2024-07,2024,232,228,4,98.33,7.48,3001.08,109278.72,418314.85
2024-08,2024,255,252,3,98.96,8.23,3010.01,112288.73,485245.22
2024-09,2024,240,236,4,98.52,8.0,3024.35,115313.08,562884.46
2024-10,2024,235,231,4,98.44,7.58,3010.72,118323.8,652945.97
2024-11,2024,238,234,4,98.62,7.93,3184.01,121507.81,757417.33
2024-12,2024,229,226,3,99.07,7.39,3433.99,124941.8,878604.1
2025-01,2025,217,213,4,98.38,7.0,3076.37,128018.17,1019180.76
2025-02,2025,241,237,4,98.6,8.61,2974.85,130993.02,1182249.68
2025-03,2025,238,233,5,98.24,7.68,3158.39,134151.41,1371409.63
2025-04,2025,244,239,5,98.34,8.13,3081.15,137232.56,1590835.17
2025-05,2025,254,249,5,98.34,8.19,3270.98,140503.54,1845368.8
2025-06,2025,231,228,3,98.73,7.7,3429.0,143932.54,2140627.8
2025-07,2025,247,242,5,98.19,7.97,3630.61,147563.15,2483128.25
2025-08,2025,234,229,5,98.29,7.55,3313.79,150876.94,2880428.77
2025-09,2025,241,238,3,98.78,8.03,2957.13,153834.07,3341297.38
2025-10,2025,240,235,5,98.33,7.74,2991.62,156825.69,3875904.96
2025-11,2025,227,224,3,98.79,7.57,3201.4,160027.09,4496049.75
2025-12,2025,248,243,5,98.24,8.0,3042.77,163069.86,5215417.71
2026-01,2026,231,228,3,99.02,7.45,3002.48,166072.34,6049884.55
2026-02,2026,236,233,3,98.76,8.43,3222.03,169294.37,7017866.07
2026-03,2026,243,239,4,98.63,7.84,3409.79,172704.16,8140724.64
2026-04,2026,236,233,3,99.0,7.87,3031.53,175735.69,9443240.59
2026-05,2026,243,239,4,98.44,7.84,3278.46,179014.15,10954159.08
2026-06,2026,256,253,3,99.0,8.53,2866.21,181880.36,12706824.53
2026-07,2026,243,239,4,98.74,7.84,3169.61,185049.97,14739916.46
2026-08,2026,243,238,5,98.11,7.84,3294.85,188344.82,17098303.09
