#,العملة,المجمع,تاريخ الدخول,تاريخ الخروج,المدة,النتيجة %,رابحة؟,مغلقة؟
1,HBAR,S2,21-09-14,21-09-19 08:00,5ي 0س,-15.46,لا,نعم
2,XLM,P2,21-09-14,21-09-19 20:00,5ي 0س,-6.24,لا,نعم
3,DOGE,P3,21-09-17,21-09-19 08:00,2ي 4س,-5.97,لا,نعم
4,ETH,P2,21-09-23,21-09-24 08:00,20س,-7.44,لا,نعم
5,TRX,P2,21-09-23,21-09-24 08:00,20س,-7.73,لا,نعم
6,ADA,P3,21-09-24,21-09-24 08:00,4س,-8.48,لا,نعم
7,ADA,S2,21-09-24,21-09-24 08:00,4س,-8.48,لا,نعم
8,XLM,P2,21-09-30,21-10-07 00:00,7ي 0س,22.18,نعم,نعم
9,XLM,S2,21-09-30,21-10-07 00:00,6ي 16س,30.00,نعم,نعم
10,LINK,P2,21-10-01,21-10-12 00:00,10ي 16س,-7.09,لا,نعم
11,DOGE,P3,21-10-01,21-10-05 12:00,4ي 4س,20.22,نعم,نعم
12,HBAR,P3,21-10-02,21-10-10 16:00,8ي 8س,-8.12,لا,نعم
13,LTC,S2,21-10-07,21-10-10 04:00,3ي 0س,-1.44,لا,لا
14,XRP,S2,21-10-10,21-10-10 20:00,16س,-5.92,لا,نعم
15,DOGE,P3,21-10-14,21-10-22 12:00,8ي 12س,1.09,نعم,نعم
16,LTC,S2,21-10-14,21-10-17 20:00,3ي 20س,1.56,نعم,لا
17,ADA,P3,21-10-14,21-10-17 20:00,3ي 8س,-4.62,لا,نعم
18,LINK,P2,21-10-16,21-10-17 12:00,24س,-6.23,لا,نعم
19,ZEC,S2,21-10-17,21-10-24 08:00,6ي 12س,34.06,نعم,نعم
20,LINK,P2,21-10-23,21-10-27 08:00,4ي 4س,3.58,نعم,نعم
21,HBAR,S2,21-10-25,21-10-27 08:00,2ي 0س,-5.50,لا,نعم
22,DOT,P1,21-10-29,21-11-10 20:00,12ي 20س,-0.59,لا,نعم
23,TRX,P2,21-10-29,21-11-15 04:00,16ي 16س,19.23,نعم,نعم
24,TRX,S2,21-10-29,21-11-15 08:00,16ي 16س,27.68,نعم,نعم
25,LTC,P2,21-10-31,21-11-09 00:00,9ي 0س,20.70,نعم,نعم
26,ADA,P3,21-11-03,21-11-04 04:00,20س,-4.70,لا,نعم
27,LINK,P2,21-11-08,21-11-10 20:00,2ي 8س,2.91,نعم,نعم
28,XLM,P2,21-11-11,21-11-16 00:00,4ي 20س,-7.94,لا,نعم
29,BNB,P1,21-11-20,21-11-22 16:00,2ي 0س,-7.02,لا,نعم
30,ETH,P2,21-11-20,21-11-22 00:00,32س,-5.06,لا,نعم
31,BTC,P2,21-11-21,21-11-22 16:00,36س,-4.24,لا,نعم
32,ZEC,S2,21-11-21,21-11-22 16:00,24س,-9.81,لا,نعم
33,ETH,P2,21-11-24,21-11-26 08:00,36س,-5.43,لا,نعم
34,ETC,S2,21-11-25,21-11-26 04:00,20س,-5.64,لا,نعم
35,BNB,P1,21-11-28,21-12-04 04:00,5ي 8س,-7.91,لا,نعم
36,XRP,S2,21-11-29,21-12-03 16:00,4ي 12س,-5.97,لا,نعم
37,LINK,P2,21-11-30,21-12-02 00:00,32س,-6.47,لا,نعم
38,XRP,P1,21-12-08,21-12-13 16:00,5ي 4س,-9.72,لا,نعم
39,ADA,S2,21-12-12,21-12-13 12:00,36س,-7.83,لا,نعم
40,HBAR,S2,21-12-15,22-01-08 16:00,23ي 20س,0.35,نعم,نعم
41,TRX,P2,21-12-16,21-12-17 04:00,20س,-4.44,لا,نعم
42,LINK,P2,21-12-22,21-12-29 12:00,7ي 8س,3.60,نعم,نعم
43,ADA,P3,21-12-23,21-12-28 16:00,5ي 4س,0.99,نعم,نعم
44,DOGE,P3,21-12-23,21-12-28 16:00,5ي 0س,-5.57,لا,نعم
45,TRX,P2,22-01-02,22-01-05 16:00,3ي 4س,-3.54,لا,نعم
46,ETH,P2,22-01-02,22-01-05 16:00,3ي 4س,-3.50,لا,نعم
47,LINK,P2,22-01-09,22-01-13 16:00,4ي 0س,-11.30,لا,نعم
48,BTC,P2,22-01-11,22-01-20 20:00,9ي 4س,-4.60,لا,نعم
49,XRP,S2,22-01-11,22-01-15 04:00,3ي 8س,1.08,نعم,لا
50,ADA,P3,22-01-12,22-01-20 20:00,8ي 8س,1.07,نعم,نعم
51,DOGE,P3,22-01-13,22-01-17 00:00,3ي 20س,1.20,نعم,نعم
52,LTC,S2,22-01-15,22-01-18 08:00,3ي 4س,-5.21,لا,نعم
53,ETH,P2,22-01-20,22-01-20 20:00,8س,-4.43,لا,نعم
54,TRX,S2,22-01-20,22-01-20 20:00,8س,-4.24,لا,نعم
55,ETH,P2,22-01-26,22-01-27 20:00,36س,-8.27,لا,نعم
56,TRX,P2,22-01-27,22-02-08 08:00,11ي 12س,19.28,نعم,نعم
57,BTC,P2,22-01-28,22-02-21 08:00,23ي 20س,3.64,نعم,نعم
58,EOS,S2,22-01-29,22-02-02 00:00,4ي 0س,2.18,نعم,لا
59,ETC,S2,22-02-02,22-02-02 20:00,20س,-5.63,لا,نعم
60,DOGE,P3,22-02-04,22-02-08 00:00,3ي 8س,18.10,نعم,نعم
61,ADA,P3,22-02-04,22-02-11 16:00,7ي 0س,0.93,نعم,نعم
62,ZEC,S2,22-02-04,22-02-20 04:00,15ي 12س,0.35,نعم,نعم
63,LINK,P2,22-02-04,22-02-11 20:00,7ي 0س,-6.80,لا,نعم
64,ETH,P2,22-02-15,22-02-17 20:00,2ي 20س,-5.35,لا,نعم
65,DOGE,P3,22-02-16,22-02-17 16:00,36س,-5.52,لا,نعم
66,XRP,P1,22-02-19,22-02-20 20:00,32س,-7.68,لا,نعم
67,XLM,P2,22-02-25,22-03-05 00:00,7ي 12س,-7.50,لا,نعم
68,XRP,S2,22-02-25,22-03-02 12:00,4ي 20س,4.71,نعم,لا
69,ZEC,S2,22-03-02,22-03-05 00:00,2ي 12س,-7.80,لا,نعم
70,BTC,P2,22-03-09,22-03-10 04:00,28س,-5.40,لا,نعم
71,ETH,P2,22-03-09,22-03-11 00:00,2ي 0س,-6.03,لا,نعم
72,LTC,S2,22-03-09,22-03-10 12:00,32س,-5.96,لا,نعم
73,ADA,P3,22-03-09,22-03-10 04:00,16س,-6.49,لا,نعم
74,BTC,P2,22-03-14,22-03-15 04:00,8س,-4.09,لا,نعم
75,XLM,S2,22-03-15,22-03-28 00:00,12ي 4س,25.21,نعم,نعم
76,LINK,P2,22-03-16,22-03-31 12:00,14ي 20س,18.72,نعم,نعم
77,ADA,P3,22-03-17,22-03-23 12:00,6ي 12س,23.66,نعم,نعم
78,DOGE,P3,22-03-17,22-03-24 08:00,7ي 4س,18.65,نعم,نعم
79,BTC,P2,22-03-22,22-03-28 16:00,6ي 16س,10.62,نعم,نعم
80,ADA,P3,22-03-26,22-04-06 16:00,10ي 20س,-6.16,لا,نعم
81,DOGE,P3,22-03-27,22-04-01 00:00,5ي 0س,-5.51,لا,نعم
82,ETC,S2,22-03-28,22-03-31 08:00,3ي 8س,1.30,نعم,لا
83,TRX,S2,22-03-31,22-03-31 12:00,4س,-5.68,لا,نعم
84,EOS,S2,22-04-02,22-04-06 00:00,4ي 0س,-7.09,لا,نعم
85,ETH,P2,22-04-10,22-04-11 00:00,8س,-3.24,لا,نعم
86,TRX,P2,22-04-13,22-04-14 16:00,20س,-3.40,لا,نعم
87,XLM,P2,22-04-15,22-04-17 20:00,2ي 20س,-4.82,لا,نعم
88,HBAR,S2,22-04-19,22-04-21 20:00,2ي 8س,-4.73,لا,نعم
89,ZEC,S2,22-04-26,22-04-26 16:00,12س,-7.18,لا,نعم
90,ETH,P2,22-04-28,22-04-29 16:00,24س,-4.62,لا,نعم
91,TRX,S2,22-04-29,22-04-29 12:00,8س,0.35,نعم,نعم
92,TRX,P2,22-05-01,22-05-05 00:00,3ي 20س,20.95,نعم,نعم
93,LTC,P2,22-05-02,22-05-05 16:00,3ي 4س,-4.73,لا,نعم
94,ADA,P3,22-05-04,22-05-05 12:00,24س,-5.45,لا,نعم
95,ADA,S2,22-05-04,22-05-05 12:00,24س,-5.45,لا,نعم
96,DOGE,P3,22-05-04,22-05-05 12:00,16س,-5.22,لا,نعم
97,TRX,P2,22-05-17,22-06-13 00:00,26ي 8س,4.70,نعم,نعم
98,ZEC,S2,22-05-17,22-05-18 16:00,20س,-11.64,لا,نعم
99,TRX,S2,22-05-22,22-06-04 00:00,12ي 12س,0.35,نعم,نعم
100,ADA,P3,22-05-23,22-05-23 16:00,8س,-6.14,لا,نعم
101,BNB,P1,22-05-30,22-06-01 16:00,2ي 16س,-5.44,لا,نعم
102,LTC,P2,22-05-30,22-06-01 20:00,2ي 20س,-5.49,لا,نعم
103,ADA,P3,22-05-30,22-05-31 08:00,28س,25.75,نعم,نعم
104,DOGE,P3,22-05-30,22-06-01 20:00,2ي 16س,-5.84,لا,نعم
105,DOT,P1,22-06-06,22-06-07 00:00,24س,-6.42,لا,نعم
106,LINK,P2,22-06-06,22-06-07 00:00,24س,-5.94,لا,نعم
107,ADA,P3,22-06-06,22-06-07 00:00,24س,-7.25,لا,نعم
108,ADA,S2,22-06-06,22-06-07 00:00,24س,-7.25,لا,نعم
109,HBAR,P3,22-06-06,22-06-07 00:00,20س,-5.50,لا,نعم
110,HBAR,S2,22-06-20,22-06-25 16:00,5ي 8س,1.10,نعم,لا
111,LINK,P2,22-06-20,22-06-28 00:00,7ي 12س,-11.48,لا,نعم
112,DOGE,P3,22-06-21,22-08-26 20:00,66ي 12س,1.58,نعم,نعم
113,HBAR,P3,22-06-24,22-06-28 00:00,4ي 0س,-8.63,لا,نعم
114,TRX,P2,22-06-25,22-06-29 04:00,3ي 12س,2.72,نعم,نعم
115,LTC,S2,22-06-25,22-06-28 00:00,2ي 8س,-7.30,لا,نعم
116,BNB,P1,22-07-04,22-07-19 20:00,15ي 12س,22.41,نعم,نعم
117,ETH,P2,22-07-04,22-07-11 20:00,7ي 12س,3.62,نعم,نعم
118,EOS,S2,22-07-04,22-07-11 20:00,7ي 8س,0.35,نعم,نعم
119,BTC,P2,22-07-05,22-07-11 00:00,5ي 8س,2.97,نعم,نعم
120,ADA,P3,22-07-07,22-07-10 12:00,2ي 20س,-4.45,لا,نعم
121,BTC,P2,22-07-14,22-07-30 16:00,16ي 4س,16.64,نعم,نعم
122,ZEC,S2,22-07-14,22-07-18 00:00,3ي 8س,4.78,نعم,لا
123,LTC,S2,22-07-18,22-07-21 16:00,3ي 16س,1.64,نعم,لا
124,ADA,P3,22-07-18,22-07-21 00:00,2ي 20س,0.97,نعم,نعم
125,LINK,P2,22-07-18,22-07-25 20:00,7ي 12س,-5.81,لا,نعم
126,ETC,S2,22-07-21,22-07-28 16:00,7ي 0س,59.88,نعم,نعم
127,LTC,P2,22-07-27,22-08-19 00:00,22ي 8س,3.55,نعم,نعم
128,ADA,P3,22-07-27,22-08-18 20:00,22ي 0س,1.08,نعم,نعم
129,EOS,S2,22-07-28,22-08-01 16:00,4ي 0س,-6.93,لا,نعم
130,DOT,P1,22-08-04,22-08-19 04:00,15ي 4س,-11.03,لا,نعم
131,LINK,P2,22-08-05,22-08-18 20:00,13ي 16س,3.72,نعم,نعم
132,LTC,S2,22-08-05,22-08-08 12:00,3ي 4س,1.15,نعم,لا
133,XLM,S2,22-08-08,22-08-09 08:00,20س,-4.15,لا,نعم
134,ZEC,S2,22-08-10,22-08-13 04:00,2ي 12س,0.24,نعم,لا
135,ETC,S2,22-08-13,22-08-14 16:00,36س,-7.30,لا,نعم
136,XRP,S2,22-08-24,22-08-26 16:00,2ي 0س,-3.91,لا,نعم
137,BTC,P2,22-08-25,22-08-26 12:00,32س,-3.21,لا,نعم
138,XLM,P2,22-08-25,22-08-26 12:00,20س,-3.26,لا,نعم
139,BTC,P2,22-08-30,22-08-30 12:00,8س,-3.21,لا,نعم
140,ETC,S2,22-08-30,22-08-30 16:00,8س,-7.14,لا,نعم
141,ETH,P2,22-08-30,22-09-15 12:00,15ي 20س,3.80,نعم,نعم
142,LINK,P2,22-09-02,22-09-20 16:00,18ي 16س,3.74,نعم,نعم
143,LTC,S2,22-09-02,22-09-06 16:00,4ي 4س,-6.38,لا,نعم
144,ADA,P3,22-09-09,22-09-13 12:00,4ي 12س,-4.80,لا,نعم
145,ADA,S2,22-09-09,22-09-12 16:00,3ي 16س,3.40,نعم,لا
146,DOGE,P3,22-09-09,22-09-13 12:00,4ي 8س,-4.33,لا,نعم
147,HBAR,S2,22-09-12,22-09-13 12:00,20س,-5.37,لا,نعم
148,DOGE,P3,22-09-23,22-09-28 00:00,5ي 0س,-5.00,لا,نعم
149,XRP,S2,22-09-23,22-09-23 08:00,8س,-10.52,لا,نعم
150,ZEC,S2,22-09-27,22-09-27 16:00,12س,-5.35,لا,نعم
151,TRX,S2,22-09-30,22-10-11 00:00,11ي 0س,0.35,نعم,نعم
152,LINK,P2,22-10-04,22-10-10 20:00,6ي 12س,-4.63,لا,نعم
153,DOGE,P3,22-10-04,22-10-07 12:00,2ي 20س,-4.04,لا,نعم
154,ETH,P2,22-10-14,22-10-15 20:00,44س,-4.24,لا,نعم
155,BTC,P2,22-10-16,22-10-20 00:00,3ي 8س,-2.18,لا,نعم
156,XLM,S2,22-10-17,22-10-18 16:00,28س,-3.50,لا,نعم
157,HBAR,P3,22-10-18,22-10-18 12:00,8س,-4.73,لا,نعم
158,LTC,S2,22-10-22,22-11-02 12:00,10ي 20س,17.10,نعم,نعم
159,XLM,P2,22-10-22,22-11-02 04:00,10ي 8س,-2.61,لا,نعم
160,LINK,P2,22-10-23,22-10-24 12:00,16س,-3.77,لا,نعم
161,DOGE,P3,22-10-23,22-10-24 12:00,16س,-2.81,لا,نعم
162,SOL,P1,22-10-25,22-11-05 16:00,11ي 4س,30.33,نعم,نعم
163,ADA,P3,22-10-25,22-10-27 20:00,2ي 4س,-5.00,لا,نعم
164,LINK,P2,22-10-29,22-11-01 12:00,2ي 16س,2.71,نعم,نعم
165,XRP,S2,22-11-04,22-11-07 04:00,2ي 20س,-4.56,لا,نعم
166,LINK,P2,22-11-04,22-11-06 20:00,2ي 0س,-6.77,لا,نعم
167,ADA,P3,22-11-05,22-11-06 20:00,44س,-5.70,لا,نعم
168,TRX,P2,22-11-18,23-01-06 04:00,48ي 20س,2.95,نعم,نعم
169,ZEC,S2,22-11-23,22-11-25 04:00,2ي 4س,-2.48,لا,لا
170,DOGE,P3,22-11-23,22-11-27 08:00,4ي 0س,28.20,نعم,نعم
171,HBAR,P3,22-11-24,22-12-07 04:00,13ي 4س,-4.87,لا,نعم
172,XRP,S2,22-11-25,22-11-26 20:00,40س,-5.64,لا,نعم
173,HBAR,S2,22-11-27,22-11-28 00:00,12س,-3.88,لا,نعم
174,LTC,S2,22-11-30,22-12-03 08:00,3ي 8س,-1.89,لا,لا
175,ZEC,S2,22-12-03,22-12-07 08:00,4ي 0س,-4.25,لا,نعم
176,ADA,P3,22-12-03,22-12-06 08:00,2ي 20س,-3.25,لا,نعم
177,TRX,S2,22-12-08,22-12-12 00:00,3ي 4س,-2.24,لا,نعم
178,LTC,P2,22-12-13,22-12-15 00:00,40س,-4.02,لا,نعم
179,XRP,S2,22-12-13,22-12-14 16:00,28س,-3.30,لا,نعم
180,BTC,P2,22-12-21,22-12-28 20:00,7ي 0س,-2.14,لا,نعم
181,LTC,S2,22-12-22,22-12-28 20:00,6ي 12س,0.35,نعم,نعم
182,XLM,S2,23-01-01,23-01-02 00:00,4س,-2.24,لا,نعم
183,EOS,S2,23-01-02,23-01-04 08:00,2ي 8س,1.77,نعم,لا
184,ADA,P3,23-01-02,23-01-08 16:00,6ي 4س,12.02,نعم,نعم
185,ETC,S2,23-01-04,23-01-05 20:00,36س,0.35,نعم,نعم
186,ADA,S2,23-01-05,23-01-09 04:00,3ي 8س,25.23,نعم,نعم
187,BTC,P2,23-01-06,23-01-12 04:00,5ي 16س,6.76,نعم,نعم
188,HBAR,P3,23-01-09,23-01-14 04:00,5ي 4س,18.64,نعم,نعم
189,DOGE,P3,23-01-09,23-01-14 04:00,5ي 0س,16.17,نعم,نعم
190,HBAR,S2,23-01-09,23-01-16 08:00,6ي 20س,18.65,نعم,نعم
191,LINK,P2,23-01-12,23-01-12 12:00,12س,-3.83,لا,نعم
192,ADA,P3,23-01-16,23-01-18 12:00,2ي 12س,-6.18,لا,نعم
193,TRX,S2,23-01-16,23-01-18 16:00,2ي 4س,-4.14,لا,نعم
194,ZEC,S2,23-01-20,23-01-23 16:00,3ي 4س,0.71,نعم,لا
195,LINK,P2,23-01-20,23-01-24 20:00,4ي 0س,-5.01,لا,نعم
196,DOGE,P3,23-01-20,23-02-09 00:00,19ي 4س,0.95,نعم,نعم
197,XRP,S2,23-01-23,23-01-24 20:00,28س,-5.24,لا,نعم
198,ETH,P2,23-01-26,23-01-30 16:00,4ي 0س,-3.99,لا,نعم
199,EOS,S2,23-01-27,23-01-29 16:00,2ي 12س,0.30,نعم,لا
200,ADA,P3,23-01-27,23-01-30 16:00,2ي 20س,-5.23,لا,نعم
201,LTC,S2,23-01-29,23-01-30 08:00,16س,-4.42,لا,نعم
202,BTC,P2,23-02-01,23-02-05 16:00,4ي 0س,-2.86,لا,نعم
203,HBAR,S2,23-02-01,23-02-05 12:00,3ي 16س,0.35,نعم,نعم
204,LTC,P2,23-02-07,23-02-09 00:00,2ي 0س,-3.96,لا,نعم
205,TRX,S2,23-02-08,23-02-08 16:00,16س,0.35,نعم,نعم
206,ADA,P3,23-02-08,23-02-09 00:00,20س,-4.22,لا,نعم
207,LINK,P2,23-02-09,23-02-09 20:00,12س,-5.82,لا,نعم
208,TRX,P2,23-02-13,23-02-13 08:00,8س,-3.00,لا,نعم
209,ADA,P3,23-02-14,23-02-24 16:00,10ي 0س,-4.94,لا,نعم
210,ADA,S2,23-02-14,23-02-18 00:00,3ي 8س,3.67,نعم,لا
211,LINK,P2,23-02-15,23-02-19 16:00,4ي 0س,12.90,نعم,نعم
212,EOS,S2,23-02-18,23-02-23 16:00,5ي 16س,-6.02,لا,نعم
213,HBAR,P3,23-02-19,23-02-20 00:00,12س,-6.49,لا,نعم
214,BTC,P2,23-02-27,23-03-03 00:00,3ي 12س,-2.77,لا,نعم
215,LTC,S2,23-03-01,23-03-02 12:00,28س,-3.48,لا,نعم
216,ETH,P2,23-03-12,23-03-18 00:00,5ي 8س,15.34,نعم,نعم
217,ADA,P3,23-03-12,23-04-11 08:00,29ي 12س,23.26,نعم,نعم
218,DOGE,P3,23-03-12,23-04-03 16:00,21ي 20س,29.58,نعم,نعم
219,TRX,S2,23-03-12,23-03-20 08:00,7ي 12س,2.80,نعم,لا
220,DOT,P1,23-03-20,23-03-21 04:00,24س,-6.58,لا,نعم
221,LTC,P2,23-03-20,23-03-20 20:00,16س,-6.54,لا,نعم
222,EOS,S2,23-03-20,23-03-21 04:00,20س,-6.59,لا,نعم
223,LINK,P2,23-03-20,23-03-21 04:00,16س,-5.61,لا,نعم
224,XLM,P2,23-03-21,23-03-22 16:00,40س,2.71,نعم,نعم
225,XRP,S2,23-03-21,23-03-22 16:00,28س,0.35,نعم,نعم
226,LTC,S2,23-03-23,23-03-28 04:00,4ي 16س,-7.35,لا,نعم
227,ETH,P2,23-03-27,23-03-27 12:00,4س,-3.43,لا,نعم
228,TRX,P2,23-03-28,23-04-12 00:00,14ي 8س,-3.32,لا,نعم
229,XLM,S2,23-03-29,23-04-09 20:00,11ي 16س,0.23,نعم,لا
230,XRP,P1,23-04-05,23-04-06 08:00,28س,-6.04,لا,نعم
231,ZEC,S2,23-04-09,23-04-19 08:00,9ي 12س,0.35,نعم,نعم
232,SOL,P1,23-04-10,23-04-11 20:00,28س,14.20,نعم,نعم
233,ARB,P3,23-04-13,23-04-14 16:00,32س,25.91,نعم,نعم
234,LINK,P2,23-04-14,23-04-19 20:00,5ي 16س,2.12,نعم,نعم
235,ARB,P3,23-04-18,23-04-19 08:00,12س,-9.72,لا,نعم
236,BTC,P2,23-04-25,23-04-26 16:00,20س,1.88,نعم,نعم
237,LTC,S2,23-04-25,23-04-26 16:00,20س,-4.32,لا,نعم
238,ADA,P3,23-04-26,23-04-26 16:00,4س,-4.09,لا,نعم
239,XLM,P2,23-04-28,23-05-08 00:00,9ي 8س,-3.35,لا,نعم
240,TRX,S2,23-04-28,23-05-11 16:00,12ي 20س,0.35,نعم,نعم
241,DOGE,P3,23-05-05,23-05-06 08:00,12س,-2.98,لا,نعم
242,ETH,P2,23-05-14,23-05-18 16:00,4ي 4س,-2.67,لا,نعم
243,DOGE,P3,23-05-15,23-05-24 12:00,9ي 12س,-3.58,لا,نعم
244,LTC,S2,23-05-15,23-05-24 04:00,9ي 0س,0.35,نعم,نعم
245,XRP,P1,23-05-16,23-05-30 16:00,13ي 20س,18.57,نعم,نعم
246,XLM,P2,23-05-18,23-05-24 12:00,5ي 16س,-2.40,لا,نعم
247,BTC,P2,23-05-23,23-05-24 00:00,24س,-2.14,لا,نعم
248,ARB,P3,23-05-26,23-06-05 12:00,9ي 20س,-4.20,لا,نعم
249,EOS,S2,23-05-26,23-05-29 20:00,3ي 4س,0.98,نعم,لا
250,LTC,P2,23-05-27,23-06-05 12:00,9ي 12س,2.21,نعم,نعم
251,HBAR,P3,23-05-27,23-05-31 16:00,4ي 16س,-2.72,لا,نعم
252,XRP,S2,23-05-29,23-06-05 16:00,6ي 20س,0.35,نعم,نعم
253,ADA,P3,23-06-04,23-06-05 12:00,24س,-2.32,لا,نعم
254,XLM,P2,23-06-13,23-06-13 20:00,12س,-3.93,لا,نعم
255,XRP,S2,23-06-13,23-06-13 12:00,4س,-4.97,لا,نعم
256,TRX,P2,23-06-15,23-06-15 08:00,8س,-3.08,لا,نعم
257,BTC,P2,23-06-16,23-06-21 00:00,4ي 12س,9.00,نعم,نعم
258,ZEC,S2,23-06-17,23-06-26 16:00,9ي 12س,20.43,نعم,نعم
259,ARB,P3,23-06-17,23-06-27 20:00,10ي 12س,21.98,نعم,نعم
260,FET,P1,23-06-20,23-06-22 12:00,44س,29.29,نعم,نعم
261,LTC,P2,23-06-20,23-06-23 20:00,3ي 4س,11.15,نعم,نعم
262,HBAR,P3,23-06-20,23-06-25 08:00,4ي 16س,19.08,نعم,نعم
263,LINK,P2,23-06-21,23-06-24 12:00,3ي 12س,12.25,نعم,نعم
264,XLM,S2,23-06-27,23-06-30 12:00,3ي 12س,21.26,نعم,نعم
265,SOL,P1,23-06-29,23-07-13 16:00,14ي 8س,48.84,نعم,نعم
266,LTC,P2,23-06-30,23-06-30 12:00,12س,-5.30,لا,نعم
267,LINK,P2,23-06-30,23-06-30 12:00,4س,-5.07,لا,نعم
268,DOGE,P3,23-07-02,23-07-07 00:00,4ي 4س,-5.22,لا,نعم
269,ARB,P3,23-07-03,23-07-05 08:00,2ي 8س,-5.27,لا,نعم
270,LINK,P2,23-07-03,23-07-05 08:00,2ي 0س,-4.75,لا,نعم
271,TRX,S2,23-07-03,23-07-11 08:00,7ي 16س,-0.91,لا,لا
272,HBAR,S2,23-07-11,23-07-19 08:00,8ي 0س,16.73,نعم,نعم
273,LINK,P2,23-07-13,23-07-14 00:00,16س,10.02,نعم,نعم
274,ADA,P3,23-07-13,23-07-14 00:00,12س,16.18,نعم,نعم
275,ARB,P3,23-07-13,23-07-14 16:00,24س,-4.24,لا,نعم
276,ETH,P2,23-07-14,23-07-17 16:00,2ي 20س,-3.31,لا,نعم
277,LINK,P2,23-07-17,23-07-18 16:00,20س,-5.21,لا,نعم
278,ARB,P3,23-07-20,23-07-21 16:00,32س,-5.79,لا,نعم
279,LINK,P2,23-07-23,23-07-24 08:00,24س,-5.51,لا,نعم
280,TRX,S2,23-07-23,23-07-25 08:00,36س,-3.90,لا,نعم
281,DOT,P1,23-07-27,23-07-31 16:00,4ي 16س,-3.72,لا,نعم
282,LTC,P2,23-07-27,23-07-30 20:00,3ي 0س,1.82,نعم,نعم
283,HBAR,S2,23-08-08,23-08-11 08:00,2ي 20س,-6.86,لا,نعم
284,ADA,P3,23-08-08,23-08-13 00:00,4ي 8س,-3.00,لا,نعم
285,LINK,P2,23-08-09,23-08-13 20:00,4ي 12س,-3.69,لا,نعم
286,TRX,P2,23-08-14,23-08-16 12:00,2ي 12س,-2.14,لا,نعم
287,ADA,P3,23-08-23,23-08-26 08:00,2ي 16س,-3.83,لا,نعم
288,TRX,S2,23-08-23,23-08-29 08:00,5ي 16س,-2.24,لا,نعم
289,DOT,P1,23-08-28,23-08-31 12:00,3ي 0س,-2.72,لا,نعم
290,BTC,P2,23-08-29,23-08-31 12:00,2ي 0س,-2.16,لا,نعم
291,DOGE,P3,23-08-29,23-08-30 12:00,24س,-3.53,لا,نعم
292,LTC,S2,23-08-29,23-08-31 12:00,2ي 0س,-3.46,لا,نعم
293,SOL,P1,23-09-05,23-09-06 12:00,24س,-4.60,لا,نعم
294,ZEC,S2,23-09-12,23-09-14 00:00,40س,0.61,نعم,لا
295,HBAR,P3,23-09-14,23-09-15 08:00,32س,-5.55,لا,نعم
296,HBAR,S2,23-09-14,23-09-15 08:00,32س,-5.55,لا,نعم
297,LINK,P2,23-09-14,23-09-20 04:00,5ي 12س,9.96,نعم,نعم
298,DOGE,P3,23-09-15,23-09-24 20:00,9ي 20س,-2.86,لا,نعم
299,XRP,S2,23-09-15,23-09-27 08:00,12ي 0س,2.39,نعم,لا
300,SOL,P1,23-09-18,23-10-01 12:00,13ي 12س,26.02,نعم,نعم
301,ETH,P2,23-09-18,23-09-21 08:00,3ي 8س,-2.14,لا,نعم
302,ADA,P3,23-09-19,23-09-21 04:00,40س,-3.10,لا,نعم
303,TRX,P2,23-09-25,23-10-20 12:00,25ي 12س,6.89,نعم,نعم
304,LINK,P2,23-09-25,23-10-02 16:00,7ي 0س,2.63,نعم,نعم
305,TRX,S2,23-09-27,23-10-06 08:00,9ي 0س,0.35,نعم,نعم
306,ARB,P3,23-09-28,23-10-04 00:00,5ي 12س,0.77,نعم,نعم
307,ADA,P3,23-09-29,23-10-09 08:00,9ي 12س,0.64,نعم,نعم
308,LTC,S2,23-10-06,23-10-09 08:00,2ي 20س,-2.82,لا,نعم
309,LTC,P2,23-10-07,23-10-09 08:00,36س,-2.25,لا,نعم
310,FET,P1,23-10-13,23-10-19 00:00,5ي 4س,-4.39,لا,نعم
311,XLM,P2,23-10-14,23-10-17 12:00,3ي 0س,1.40,نعم,نعم
312,TRX,S2,23-10-15,23-10-31 12:00,15ي 20س,10.81,نعم,نعم
313,ARB,P3,23-10-16,23-10-17 12:00,32س,-2.88,لا,نعم
314,LINK,P2,23-10-20,23-10-21 16:00,28س,12.51,نعم,نعم
315,DOGE,P3,23-10-20,23-10-23 20:00,3ي 8س,10.81,نعم,نعم
316,ARB,P3,23-10-23,23-10-27 16:00,3ي 20س,0.85,نعم,نعم
317,HBAR,P3,23-10-23,23-11-07 04:00,14ي 8س,17.81,نعم,نعم
318,LINK,P2,23-10-25,23-11-11 16:00,17ي 16س,35.18,نعم,نعم
319,ADA,P3,23-10-28,23-11-06 16:00,9ي 16س,22.92,نعم,نعم
320,ETC,S2,23-10-31,23-11-10 04:00,9ي 12س,22.18,نعم,نعم
321,ARB,P3,23-11-06,23-11-09 16:00,3ي 0س,-6.85,لا,نعم
322,BTC,P2,23-11-07,23-11-09 16:00,2ي 0س,1.59,نعم,نعم
323,ADA,P3,23-11-09,23-11-09 16:00,16س,-5.20,لا,نعم
324,DOT,P1,23-11-09,23-12-09 00:00,29ي 4س,47.28,نعم,نعم
325,FET,P1,23-11-09,23-12-13 00:00,33ي 4س,80.63,نعم,نعم
326,LTC,P2,23-11-09,23-11-14 16:00,4ي 20س,-5.44,لا,نعم
327,ADA,S2,23-11-10,23-11-13 00:00,2ي 20س,0.20,نعم,لا
328,DOGE,P3,23-11-11,23-11-13 20:00,2ي 16س,-6.40,لا,نعم
329,XLM,P2,23-11-12,23-11-14 08:00,2ي 4س,-5.31,لا,نعم
330,TRX,S2,23-11-13,23-11-14 00:00,24س,-2.93,لا,نعم
331,ADA,P3,23-11-15,23-11-17 12:00,40س,-6.51,لا,نعم
332,ADA,S2,23-11-15,23-11-17 12:00,40س,-6.51,لا,نعم
333,HBAR,P3,23-11-16,23-11-17 12:00,32س,-5.73,لا,نعم
334,XLM,P2,23-11-19,23-11-21 16:00,2ي 4س,-3.83,لا,نعم
335,XLM,S2,23-11-19,23-11-21 12:00,44س,-3.89,لا,نعم
336,LINK,P2,23-11-19,23-11-21 12:00,40س,-6.70,لا,نعم
337,DOGE,P3,23-11-20,23-11-21 04:00,20س,-6.85,لا,نعم
338,LTC,P2,23-11-23,23-12-18 08:00,24ي 16س,2.56,نعم,نعم
339,TRX,S2,23-11-23,23-11-27 20:00,4ي 0س,0.35,نعم,نعم
340,ADA,P3,23-11-24,23-11-27 12:00,3ي 12س,-5.14,لا,نعم
341,LINK,P2,23-11-26,23-11-26 16:00,8س,-4.53,لا,نعم
342,DOGE,P3,23-11-29,23-12-06 08:00,7ي 0س,22.14,نعم,نعم
343,XLM,S2,23-11-29,23-12-05 12:00,6ي 4س,0.35,نعم,نعم
344,LINK,P2,23-12-01,23-12-07 08:00,5ي 16س,2.63,نعم,نعم
345,ARB,P3,23-12-02,23-12-04 08:00,2ي 0س,-3.35,لا,نعم
346,ADA,P3,23-12-05,23-12-08 08:00,2ي 16س,20.70,نعم,نعم
347,EOS,S2,23-12-05,23-12-10 04:00,4ي 12س,14.60,نعم,نعم
348,HBAR,P3,23-12-08,23-12-11 00:00,2ي 8س,-5.23,لا,نعم
349,ADA,P3,23-12-13,23-12-15 20:00,2ي 0س,-10.23,لا,نعم
350,ADA,S2,23-12-13,23-12-15 20:00,2ي 0س,-10.23,لا,نعم
351,HBAR,S2,23-12-20,24-01-03 12:00,14ي 12س,0.35,نعم,نعم
352,HBAR,P3,23-12-20,24-01-03 12:00,14ي 4س,1.04,نعم,نعم
353,LINK,P2,23-12-21,23-12-26 16:00,5ي 8س,-4.80,لا,نعم
354,ARB,P3,23-12-21,23-12-22 20:00,36س,23.19,نعم,نعم
355,ARB,P3,23-12-28,23-12-28 20:00,20س,-9.02,لا,نعم
356,DOGE,P3,24-01-01,24-01-03 08:00,40س,-3.19,لا,نعم
357,LINK,P2,24-01-02,24-01-02 16:00,12س,-4.67,لا,نعم
358,LTC,S2,24-01-08,24-01-18 16:00,10ي 0س,0.35,نعم,نعم
359,ETH,P2,24-01-09,24-01-11 12:00,44س,12.38,نعم,نعم
360,ARB,P3,24-01-10,24-01-19 16:00,9ي 4س,-11.26,لا,نعم
361,DOGE,P3,24-01-11,24-01-12 20:00,28س,-7.17,لا,نعم
362,LINK,P2,24-01-14,24-01-23 08:00,9ي 0س,-6.24,لا,نعم
363,BNB,P1,24-01-15,24-01-23 08:00,8ي 8س,-4.44,لا,نعم
364,SOL,P1,24-01-24,24-02-29 00:00,35ي 4س,44.56,نعم,نعم
365,BTC,P2,24-01-26,24-02-09 08:00,14ي 0س,10.43,نعم,نعم
366,ADA,P3,24-01-26,24-02-15 12:00,20ي 0س,22.12,نعم,نعم
367,XLM,S2,24-01-26,24-01-30 12:00,4ي 0س,-0.50,لا,لا
368,DOGE,P3,24-01-27,24-02-27 08:00,31ي 8س,16.46,نعم,نعم
369,ETC,S2,24-01-30,24-01-31 20:00,32س,-4.55,لا,نعم
370,LINK,P2,24-01-30,24-02-02 12:00,2ي 20س,14.07,نعم,نعم
371,TRX,S2,24-02-01,24-02-06 12:00,4ي 16س,8.65,نعم,نعم
372,LINK,P2,24-02-05,24-02-06 12:00,28س,-5.88,لا,نعم
373,HBAR,S2,24-02-06,24-02-18 16:00,12ي 4س,22.71,نعم,نعم
374,LINK,P2,24-02-10,24-02-16 12:00,5ي 16س,2.96,نعم,نعم
375,LTC,P2,24-02-16,24-02-17 12:00,16س,-3.35,لا,نعم
376,HBAR,P3,24-02-18,24-02-19 08:00,28س,18.42,نعم,نعم
377,EOS,S2,24-02-19,24-02-20 12:00,24س,-3.40,لا,نعم
378,ADA,P3,24-02-20,24-02-21 08:00,16س,-6.03,لا,نعم
379,TRX,S2,24-02-20,24-02-25 12:00,4ي 20س,-0.83,لا,لا
380,ETC,S2,24-02-25,24-03-02 04:00,5ي 16س,23.21,نعم,نعم
381,BTC,P2,24-02-26,24-02-27 16:00,28س,7.16,نعم,نعم
382,LTC,P2,24-02-26,24-02-28 16:00,2ي 4س,1.66,نعم,نعم
383,ADA,P3,24-02-26,24-03-02 04:00,4ي 12س,19.47,نعم,نعم
384,HBAR,P3,24-02-28,24-02-28 16:00,8س,-6.55,لا,نعم
385,DOGE,P3,24-03-01,24-03-05 00:00,3ي 8س,46.92,نعم,نعم
386,LINK,P2,24-03-02,24-03-03 04:00,24س,-5.61,لا,نعم
387,ZEC,S2,24-03-02,24-03-04 04:00,44س,3.93,نعم,لا
388,ARB,P3,24-03-03,24-03-03 04:00,4س,-5.99,لا,نعم
389,EOS,S2,24-03-04,24-03-05 16:00,36س,-8.17,لا,نعم
390,ETH,P2,24-03-05,24-03-15 08:00,9ي 12س,4.23,نعم,نعم
391,ZEC,S2,24-03-06,24-03-11 08:00,4ي 12س,-0.30,لا,لا
392,HBAR,P3,24-03-07,24-03-15 00:00,8ي 0س,-10.00,لا,نعم
393,DOGE,P3,24-03-08,24-03-16 16:00,8ي 16س,-16.26,لا,نعم
394,LTC,P2,24-03-11,24-03-14 16:00,3ي 12س,3.84,نعم,نعم
395,LTC,S2,24-03-11,24-03-15 00:00,3ي 16س,-8.41,لا,نعم
396,FET,P1,24-03-15,24-03-16 16:00,32س,-15.58,لا,نعم
397,XRP,S2,24-03-21,24-03-26 12:00,5ي 0س,-0.45,لا,لا
398,TRX,P2,24-03-24,24-04-12 16:00,19ي 4س,-3.66,لا,نعم
399,DOGE,P3,24-03-25,24-04-02 08:00,7ي 20س,1.38,نعم,نعم
400,LINK,P2,24-03-25,24-04-01 04:00,6ي 12س,-4.65,لا,نعم
401,ARB,P3,24-03-25,24-03-27 12:00,44س,-5.69,لا,نعم
402,ZEC,S2,24-03-26,24-03-27 12:00,24س,-5.40,لا,نعم
403,EOS,S2,24-03-28,24-03-31 00:00,2ي 4س,-1.87,لا,لا
404,LTC,S2,24-03-31,24-04-02 00:00,2ي 0س,-6.10,لا,نعم
405,HBAR,P3,24-03-31,24-04-01 04:00,20س,-4.98,لا,نعم
406,ETC,S2,24-04-04,24-04-12 16:00,8ي 0س,-6.16,لا,نعم
407,ADA,P3,24-04-08,24-04-10 00:00,40س,-4.04,لا,نعم
408,BTC,P2,24-04-19,24-04-30 12:00,11ي 8س,-6.08,لا,نعم
409,XLM,P2,24-04-19,24-05-01 08:00,12ي 4س,-7.04,لا,نعم
410,XLM,S2,24-04-19,24-04-23 12:00,4ي 8س,4.05,نعم,لا
411,HBAR,P3,24-04-23,24-04-23 20:00,8س,40.68,نعم,نعم
412,HBAR,S2,24-04-23,24-04-24 00:00,12س,70.15,نعم,نعم
413,EOS,S2,24-04-24,24-04-24 16:00,12س,-4.62,لا,نعم
414,LTC,P2,24-05-03,24-05-23 20:00,20ي 20س,2.83,نعم,نعم
415,BNB,P1,24-05-03,24-06-05 04:00,32ي 16س,23.64,نعم,نعم
416,HBAR,S2,24-05-03,24-05-10 04:00,6ي 12س,-5.45,لا,لا
417,DOGE,P3,24-05-03,24-05-13 00:00,9ي 4س,-7.05,لا,نعم
418,HBAR,P3,24-05-06,24-05-06 12:00,8س,-7.10,لا,نعم
419,TRX,S2,24-05-10,24-05-17 00:00,6ي 20س,-1.87,لا,لا
420,ADA,P3,24-05-15,24-05-23 16:00,8ي 0س,0.78,نعم,نعم
421,HBAR,S2,24-05-17,24-05-23 08:00,6ي 8س,-0.15,لا,لا
422,ARB,P3,24-05-17,24-05-19 20:00,2ي 12س,-4.41,لا,نعم
423,LINK,P2,24-05-20,24-05-22 12:00,40س,-5.70,لا,نعم
424,DOGE,P3,24-05-20,24-05-23 12:00,2ي 16س,-5.08,لا,نعم
425,ETC,S2,24-05-23,24-05-23 20:00,12س,-6.43,لا,نعم
426,EOS,S2,24-05-25,24-05-27 12:00,2ي 12س,-1.28,لا,لا
427,ARB,P3,24-05-26,24-05-30 04:00,3ي 20س,-6.51,لا,نعم
428,BTC,P2,24-05-27,24-05-28 00:00,12س,-2.53,لا,نعم
429,LINK,P2,24-05-27,24-06-06 16:00,10ي 4س,-4.69,لا,نعم
430,ZEC,S2,24-05-27,24-05-28 16:00,28س,-5.59,لا,نعم
431,LTC,P2,24-05-31,24-06-04 04:00,3ي 20س,-2.88,لا,نعم
432,TRX,S2,24-06-02,24-06-07 08:00,4ي 20س,-0.29,لا,لا
433,DOGE,P3,24-06-03,24-06-07 16:00,4ي 8س,-4.01,لا,نعم
434,ADA,S2,24-06-07,24-06-07 16:00,8س,-3.13,لا,نعم
435,XLM,P2,24-06-12,24-06-14 16:00,44س,-3.38,لا,نعم
436,XRP,S2,24-06-20,24-06-23 20:00,3ي 12س,-4.46,لا,نعم
437,XLM,P2,24-06-20,24-06-22 20:00,2ي 4س,-4.16,لا,نعم
438,ETH,P2,24-06-20,24-06-23 20:00,3ي 4س,-3.80,لا,نعم
439,FET,P1,24-06-24,24-06-28 12:00,3ي 16س,-12.43,لا,نعم
440,LINK,P2,24-06-27,24-06-28 20:00,24س,-4.22,لا,نعم
441,DOGE,P3,24-07-01,24-07-03 00:00,2ي 0س,-3.88,لا,نعم
442,ADA,P3,24-07-01,24-07-04 12:00,3ي 12س,-4.01,لا,نعم
443,ADA,S2,24-07-01,24-07-04 12:00,3ي 12س,-4.01,لا,نعم
444,LTC,P2,24-07-08,24-08-02 12:00,24ي 20س,3.80,نعم,نعم
445,TRX,S2,24-07-09,24-07-31 12:00,22ي 0س,0.35,نعم,نعم
446,ARB,P3,24-07-09,24-07-31 20:00,22ي 0س,-7.22,لا,نعم
447,ADA,P3,24-07-10,24-08-01 04:00,22ي 4س,1.02,نعم,نعم
448,ETH,P2,24-07-12,24-07-25 04:00,12ي 16س,2.48,نعم,نعم
449,ETH,P2,24-07-29,24-07-30 20:00,44س,-3.27,لا,نعم
450,XRP,P1,24-07-30,24-08-01 04:00,44س,-5.03,لا,نعم
451,ZEC,S2,24-08-08,24-08-27 08:00,18ي 12س,0.35,نعم,نعم
452,ADA,P3,24-08-11,24-08-11 16:00,12س,-4.69,لا,نعم
453,ETH,P2,24-08-19,24-08-21 12:00,2ي 12س,-3.55,لا,نعم
454,DOGE,P3,24-08-20,24-08-20 12:00,8س,-4.28,لا,نعم
455,ADA,P3,24-08-20,24-08-24 20:00,4ي 16س,14.33,نعم,نعم
456,BTC,P2,24-08-20,24-08-27 20:00,7ي 4س,2.17,نعم,نعم
457,ARB,P3,24-08-21,24-08-27 08:00,5ي 16س,0.82,نعم,نعم
458,LINK,P2,24-08-21,24-08-27 20:00,6ي 0س,2.90,نعم,نعم
459,LTC,P2,24-08-30,24-09-08 12:00,9ي 8س,-4.59,لا,نعم
460,XLM,P2,24-09-02,24-09-04 00:00,28س,-2.91,لا,نعم
461,LTC,S2,24-09-03,24-09-04 00:00,24س,-3.83,لا,نعم
462,BTC,P2,24-09-09,24-09-19 20:00,10ي 12س,10.62,نعم,نعم
463,HBAR,S2,24-09-09,24-09-11 20:00,2ي 12س,-1.14,لا,لا
464,SOL,P1,24-09-09,24-09-18 12:00,8ي 20س,-5.62,لا,نعم
465,ARB,P3,24-09-10,24-09-11 04:00,8س,-4.43,لا,نعم
466,ADA,P3,24-09-11,24-09-16 00:00,4ي 8س,-4.06,لا,نعم
467,ADA,S2,24-09-11,24-09-14 08:00,2ي 12س,-0.01,لا,لا
468,DOGE,P3,24-09-13,24-09-16 00:00,2ي 16س,-4.09,لا,نعم
469,LINK,P2,24-09-13,24-09-15 20:00,2ي 8س,-3.94,لا,نعم
470,XRP,S2,24-09-14,24-09-16 00:00,40س,-3.46,لا,نعم
471,LTC,S2,24-09-18,24-10-01 12:00,13ي 12س,0.35,نعم,نعم
472,ARB,P3,24-09-19,24-09-27 20:00,8ي 20س,21.22,نعم,نعم
473,LINK,P2,24-09-19,24-10-01 12:00,12ي 8س,2.71,نعم,نعم
474,HBAR,P3,24-09-19,24-09-27 04:00,8ي 0س,18.23,نعم,نعم
475,DOGE,P3,24-09-27,24-09-30 12:00,3ي 8س,-5.00,لا,نعم
476,LTC,P2,24-10-04,24-10-18 04:00,13ي 12س,11.35,نعم,نعم
477,BNB,P1,24-10-05,24-11-12 00:00,37ي 20س,18.49,نعم,نعم
478,ZEC,S2,24-10-05,24-10-11 04:00,5ي 16س,26.53,نعم,نعم
479,DOGE,P3,24-10-11,24-10-18 00:00,6ي 8س,18.68,نعم,نعم
480,ADA,P3,24-10-11,24-10-17 16:00,6ي 0س,-3.59,لا,نعم
481,ADA,S2,24-10-11,24-10-15 16:00,4ي 0س,1.06,نعم,لا
482,LTC,S2,24-10-15,24-10-22 12:00,6ي 20س,0.35,نعم,نعم
483,ARB,P3,24-10-20,24-10-23 12:00,3ي 4س,-4.00,لا,نعم
484,LINK,P2,24-10-20,24-10-23 08:00,2ي 20س,-3.57,لا,نعم
485,HBAR,P3,24-10-20,24-10-21 16:00,20س,-4.87,لا,نعم
486,TRX,S2,24-10-24,24-11-03 00:00,9ي 12س,0.42,نعم,نعم
487,BTC,P2,24-10-27,24-10-29 20:00,2ي 8س,6.46,نعم,نعم
488,DOGE,P3,24-10-27,24-10-29 20:00,2ي 4س,22.73,نعم,نعم
489,LTC,P2,24-10-28,24-10-31 20:00,3ي 4س,-3.02,لا,نعم
490,ADA,P3,24-10-29,24-11-03 12:00,5ي 4س,-4.18,لا,نعم
491,BTC,P2,24-11-05,24-11-10 16:00,5ي 4س,10.56,نعم,نعم
492,DOGE,P3,24-11-05,24-11-10 08:00,4ي 20س,36.62,نعم,نعم
493,HBAR,P3,24-11-06,24-11-12 20:00,6ي 20س,34.41,نعم,نعم
494,HBAR,S2,24-11-06,24-11-07 20:00,44س,0.32,نعم,لا
495,LINK,P2,24-11-06,24-11-10 20:00,4ي 0س,17.14,نعم,نعم
496,ADA,S2,24-11-07,24-11-10 04:00,2ي 8س,47.64,نعم,نعم
497,ETC,S2,24-11-10,24-11-12 16:00,2ي 12س,-1.28,لا,لا
498,ADA,P3,24-11-12,24-11-22 12:00,9ي 20س,55.25,نعم,نعم
499,HBAR,S2,24-11-12,24-11-13 00:00,8س,-12.42,لا,نعم
500,EOS,S2,24-11-13,24-11-15 12:00,40س,2.82,نعم,لا
501,XRP,S2,24-11-15,24-11-22 04:00,6ي 16س,74.26,نعم,نعم
502,LINK,P2,24-11-16,24-11-25 12:00,9ي 12س,25.63,نعم,نعم
503,HBAR,P3,24-11-18,24-12-01 08:00,13ي 4س,68.44,نعم,نعم
504,EOS,S2,24-11-22,24-11-29 20:00,7ي 16س,47.71,نعم,نعم
505,XRP,P1,24-11-24,24-12-02 00:00,7ي 8س,135.37,نعم,نعم
506,LTC,P2,24-11-24,24-12-02 20:00,8ي 4س,33.25,نعم,نعم
507,ARB,P3,24-11-27,24-12-09 20:00,12ي 0س,1.44,نعم,نعم
508,XRP,S2,24-11-29,24-12-02 16:00,2ي 20س,75.85,نعم,نعم
509,LINK,P2,24-11-30,24-12-02 20:00,2ي 20س,27.13,نعم,نعم
510,ADA,P3,24-12-01,24-12-02 08:00,12س,-8.07,لا,نعم
511,DOT,P1,24-12-02,24-12-09 20:00,7ي 8س,-2.42,لا,نعم
512,HBAR,S2,24-12-05,24-12-17 08:00,12ي 8س,-9.66,لا,لا
513,LINK,P2,24-12-06,24-12-09 20:00,3ي 4س,-9.73,لا,نعم
514,HBAR,P3,24-12-06,24-12-09 20:00,3ي 4س,-14.82,لا,نعم
515,ADA,P3,24-12-12,24-12-14 20:00,2ي 16س,-9.77,لا,نعم
516,TRX,P2,24-12-16,24-12-17 12:00,20س,-5.84,لا,نعم
517,XRP,S2,24-12-17,24-12-18 04:00,20س,-7.05,لا,نعم
518,LTC,P2,24-12-17,24-12-18 04:00,12س,-7.53,لا,نعم
519,ZEC,S2,24-12-25,24-12-26 08:00,28س,-10.53,لا,نعم
520,XRP,S2,25-01-02,25-01-07 08:00,5ي 8س,-0.27,لا,لا
521,DOGE,P3,25-01-02,25-01-08 16:00,6ي 12س,0.89,نعم,نعم
522,ADA,P3,25-01-02,25-01-08 04:00,5ي 20س,1.02,نعم,نعم
523,ADA,S2,25-01-07,25-01-07 12:00,4س,-5.53,لا,نعم
524,LTC,P2,25-01-10,25-01-13 00:00,2ي 8س,-5.68,لا,نعم
525,XRP,S2,25-01-14,25-01-16 20:00,2ي 8س,32.05,نعم,نعم
526,DOGE,P3,25-01-14,25-01-19 20:00,5ي 4س,1.05,نعم,نعم
527,ADA,P3,25-01-15,25-01-19 20:00,4ي 16س,-7.26,لا,نعم
528,ETH,P2,25-01-15,25-01-19 08:00,3ي 20س,-4.45,لا,نعم
529,LINK,P2,25-01-16,25-01-20 00:00,3ي 12س,3.94,نعم,نعم
530,LTC,S2,25-01-17,25-01-18 08:00,32س,-7.79,لا,نعم
531,XLM,S2,25-01-18,25-01-19 08:00,12س,-8.04,لا,نعم
532,TRX,S2,25-01-22,25-01-27 04:00,5ي 4س,-5.87,لا,نعم
533,ARB,P3,25-01-24,25-01-27 00:00,2ي 16س,-7.90,لا,نعم
534,HBAR,P3,25-01-24,25-01-27 04:00,2ي 16س,-9.36,لا,نعم
535,LTC,S2,25-01-30,25-02-02 00:00,2ي 20س,-7.83,لا,نعم
536,XLM,P2,25-01-30,25-02-01 08:00,44س,-6.46,لا,نعم
537,TRX,P2,25-02-06,25-02-25 08:00,18ي 16س,2.67,نعم,نعم
538,BNB,P1,25-02-08,25-02-13 04:00,4ي 16س,21.22,نعم,نعم
539,LTC,S2,25-02-10,25-02-24 20:00,14ي 12س,-6.01,لا,نعم
540,ADA,P3,25-02-11,25-02-18 16:00,7ي 12س,-7.59,لا,نعم
541,ARB,P3,25-02-12,25-02-18 08:00,5ي 12س,-7.20,لا,نعم
542,XLM,P2,25-02-23,25-02-24 00:00,20س,-4.35,لا,نعم
543,XLM,P2,25-03-01,25-03-03 16:00,2ي 16س,4.79,نعم,نعم
544,XLM,S2,25-03-02,25-03-03 16:00,40س,-7.98,لا,نعم
545,ADA,P3,25-03-02,25-03-03 16:00,28س,1.43,نعم,نعم
546,LINK,P2,25-03-02,25-03-03 16:00,24س,-7.74,لا,نعم
547,ETC,S2,25-03-05,25-03-09 16:00,4ي 4س,-7.10,لا,نعم
548,ARB,P3,25-03-14,25-03-29 04:00,14ي 12س,-7.02,لا,نعم
549,ZEC,S2,25-03-14,25-03-21 12:00,6ي 20س,-8.20,لا,نعم
550,LINK,P2,25-03-19,25-03-29 08:00,9ي 20س,-5.67,لا,نعم
551,ADA,P3,25-03-19,25-03-21 08:00,44س,-5.13,لا,نعم
552,DOGE,P3,25-03-23,25-03-26 04:00,2ي 20س,16.72,نعم,نعم
553,EOS,S2,25-03-23,25-04-02 04:00,9ي 20س,45.15,نعم,نعم
554,BNB,P1,25-03-24,25-03-29 00:00,4ي 16س,-2.67,لا,نعم
555,TRX,P2,25-04-03,25-04-03 12:00,12س,-2.93,لا,نعم
556,ZEC,S2,25-04-05,25-04-05 12:00,12س,-7.41,لا,نعم
557,FET,P1,25-04-09,25-04-21 16:00,12ي 0س,49.49,نعم,نعم
558,BNB,P1,25-04-09,25-07-17 00:00,98ي 8س,44.86,نعم,نعم
559,SOL,P1,25-04-09,25-05-09 12:00,29ي 20س,378.31,نعم,نعم
560,TRX,S2,25-04-09,25-04-19 00:00,9ي 4س,0.35,نعم,نعم
561,ADA,P3,25-04-19,25-05-09 00:00,20ي 0س,18.42,نعم,نعم
562,ETC,S2,25-04-19,25-05-04 20:00,15ي 20س,0.35,نعم,نعم
563,LINK,P2,25-04-19,25-04-23 12:00,4ي 8س,13.66,نعم,نعم
564,ARB,P3,25-04-19,25-04-26 04:00,7ي 0س,18.60,نعم,نعم
565,ETH,P2,25-04-21,25-04-21 16:00,16س,-3.35,لا,نعم
566,DOGE,P3,25-04-27,25-04-30 12:00,3ي 8س,-5.60,لا,نعم
567,ETH,P2,25-04-28,25-05-08 20:00,10ي 4س,15.84,نعم,نعم
568,ZEC,S2,25-05-06,25-05-22 20:00,16ي 0س,37.68,نعم,نعم
569,DOGE,P3,25-05-08,25-05-10 04:00,2ي 0س,20.74,نعم,نعم
570,LINK,P2,25-05-08,25-05-12 08:00,4ي 0س,15.13,نعم,نعم
571,ARB,P3,25-05-09,25-05-10 20:00,40س,26.19,نعم,نعم
572,XLM,P2,25-05-13,25-05-17 12:00,4ي 8س,-6.93,لا,نعم
573,DOGE,P3,25-05-13,25-05-15 12:00,44س,-9.32,لا,نعم
574,SOL,P1,25-05-18,25-05-19 04:00,8س,-6.52,لا,نعم
575,LTC,P2,25-05-18,25-05-19 04:00,8س,-5.83,لا,نعم
576,ADA,P3,25-05-22,25-05-23 20:00,40س,-5.62,لا,نعم
577,DOGE,P3,25-05-23,25-05-23 08:00,8س,-6.43,لا,نعم
578,ADA,S2,25-05-23,25-05-23 08:00,8س,-5.10,لا,نعم
579,TRX,S2,25-05-26,25-05-30 20:00,4ي 12س,-2.49,لا,نعم
580,ETH,P2,25-05-26,25-05-30 00:00,3ي 4س,2.47,نعم,نعم
581,ARB,P3,25-05-27,25-05-30 00:00,2ي 16س,-6.12,لا,نعم
582,DOT,P1,25-05-28,25-05-29 20:00,36س,-4.99,لا,نعم
583,LTC,P2,25-05-28,25-05-28 16:00,8س,-3.69,لا,نعم
584,ETH,P2,25-06-02,25-06-05 16:00,2ي 20س,-3.95,لا,نعم
585,XRP,S2,25-06-03,25-06-04 20:00,28س,-3.69,لا,نعم
586,TRX,P2,25-06-04,25-06-10 16:00,6ي 12س,6.70,نعم,نعم
587,HBAR,S2,25-06-07,25-06-12 04:00,4ي 20س,0.35,نعم,نعم
588,LTC,P2,25-06-08,25-06-12 08:00,3ي 20س,1.94,نعم,نعم
589,SOL,P1,25-06-08,25-06-13 00:00,4ي 8س,-4.05,لا,نعم
590,ARB,P3,25-06-09,25-06-12 20:00,3ي 0س,0.91,نعم,نعم
591,ADA,P3,25-06-09,25-06-12 08:00,2ي 12س,-4.10,لا,نعم
592,LTC,S2,25-06-16,25-06-17 12:00,32س,-3.47,لا,نعم
593,TRX,P2,25-06-16,25-06-17 00:00,12س,-3.23,لا,نعم
594,LINK,P2,25-06-16,25-06-17 00:00,8س,-4.40,لا,نعم
595,ETH,P2,25-06-17,25-06-17 12:00,12س,-4.68,لا,نعم
596,TRX,P2,25-06-20,25-06-21 20:00,36س,-2.27,لا,نعم
597,ARB,P3,25-06-23,25-07-11 00:00,17ي 4س,34.90,نعم,نعم
598,HBAR,S2,25-06-23,25-06-27 00:00,3ي 4س,-6.55,لا,نعم
599,XLM,P2,25-06-25,25-06-26 12:00,20س,-3.70,لا,نعم
600,TRX,P2,25-06-25,25-07-11 12:00,15ي 20س,7.16,نعم,نعم
601,XRP,S2,25-06-28,25-07-02 20:00,4ي 16س,1.81,نعم,لا
602,LINK,P2,25-06-28,25-07-02 00:00,3ي 8س,-4.20,لا,نعم
603,DOGE,P3,25-07-02,25-07-04 12:00,44س,-4.13,لا,نعم
604,TRX,S2,25-07-02,25-07-08 20:00,6ي 0س,0.90,نعم,لا
605,HBAR,P3,25-07-06,25-07-10 20:00,4ي 0س,17.02,نعم,نعم
606,DOT,P1,25-07-08,25-07-11 08:00,2ي 16س,16.52,نعم,نعم
607,LINK,P2,25-07-08,25-07-14 12:00,5ي 16س,12.21,نعم,نعم
608,ZEC,S2,25-07-08,25-07-09 00:00,4س,-5.26,لا,نعم
609,XLM,S2,25-07-09,25-07-11 08:00,2ي 4س,18.95,نعم,نعم
610,LTC,P2,25-07-12,25-07-18 08:00,5ي 16س,14.83,نعم,نعم
611,HBAR,P3,25-07-13,25-08-02 16:00,20ي 12س,1.28,نعم,نعم
612,HBAR,S2,25-07-13,25-08-02 16:00,20ي 12س,-12.68,لا,نعم
613,ARB,P3,25-07-13,25-07-23 20:00,10ي 12س,1.10,نعم,نعم
614,LINK,P2,25-07-17,25-07-24 04:00,6ي 20س,3.40,نعم,نعم
615,BNB,P1,25-07-24,25-09-16 20:00,54ي 12س,24.26,نعم,نعم
616,TRX,P2,25-07-25,25-08-14 04:00,20ي 0س,11.44,نعم,نعم
617,BTC,P2,25-08-04,25-08-18 00:00,13ي 12س,1.40,نعم,نعم
618,LTC,S2,25-08-04,25-08-11 16:00,7ي 4س,0.12,نعم,لا
619,ARB,P3,25-08-04,25-08-05 20:00,28س,-5.78,لا,نعم
620,DOGE,P3,25-08-07,25-08-14 20:00,7ي 4س,0.94,نعم,نعم
621,ADA,P3,25-08-07,25-08-14 00:00,6ي 8س,23.99,نعم,نعم
622,TRX,S2,25-08-11,25-08-16 12:00,4ي 20س,-0.23,لا,نعم
623,LINK,P2,25-08-12,25-08-14 12:00,2ي 0س,-7.26,لا,نعم
624,LINK,P2,25-08-17,25-08-25 20:00,8ي 12س,-6.68,لا,نعم
625,TRX,P2,25-08-20,25-08-25 04:00,4ي 12س,1.49,نعم,نعم
626,ARB,P3,25-08-22,25-08-25 08:00,2ي 16س,-8.95,لا,نعم
627,ETC,S2,25-08-22,25-08-24 08:00,40س,-6.21,لا,نعم
628,DOGE,P3,25-08-22,25-08-25 00:00,2ي 4س,-6.10,لا,نعم
629,BTC,P2,25-08-28,25-08-29 12:00,36س,-2.49,لا,نعم
630,LTC,P2,25-09-02,25-09-15 16:00,12ي 20س,2.31,نعم,نعم
631,ZEC,S2,25-09-03,25-09-04 00:00,12س,-4.82,لا,نعم
632,DOGE,P3,25-09-03,25-09-04 12:00,20س,-4.30,لا,نعم
633,ADA,P3,25-09-07,25-09-13 12:00,6ي 0س,12.28,نعم,نعم
634,LTC,S2,25-09-07,25-09-08 04:00,16س,-2.55,لا,نعم
635,ARB,P3,25-09-08,25-09-15 08:00,7ي 8س,0.81,نعم,نعم
636,XRP,S2,25-09-08,25-09-22 00:00,13ي 16س,0.35,نعم,نعم
637,LINK,P2,25-09-12,25-09-15 04:00,3ي 4س,-3.84,لا,نعم
638,XLM,P2,25-09-17,25-09-22 00:00,4ي 8س,-3.66,لا,نعم
639,DOGE,P3,25-09-17,25-09-19 12:00,40س,-6.32,لا,نعم
640,ADA,P3,25-09-18,25-09-19 12:00,20س,-4.08,لا,نعم
641,ADA,P3,25-09-28,25-09-30 12:00,40س,-3.83,لا,نعم
642,ZEC,S2,25-09-28,25-10-01 08:00,2ي 12س,63.03,نعم,نعم
643,LTC,P2,25-09-30,25-10-02 04:00,36س,9.38,نعم,نعم
644,DOGE,P3,25-10-01,25-10-07 20:00,6ي 8س,0.82,نعم,نعم
645,LTC,S2,25-10-01,25-10-10 00:00,8ي 12س,15.45,نعم,نعم
646,LINK,P2,25-10-02,25-10-04 08:00,2ي 8س,-3.98,لا,نعم
647,ARB,P3,25-10-02,25-10-07 20:00,5ي 12س,-4.34,لا,نعم
648,TRX,S2,25-10-19,25-10-23 16:00,3ي 20س,-2.24,لا,نعم
649,DOT,P1,25-10-21,25-10-22 04:00,16س,-6.14,لا,نعم
650,BTC,P2,25-10-21,25-10-21 20:00,8س,-3.15,لا,نعم
651,LTC,P2,25-10-21,25-10-22 00:00,12س,-4.59,لا,نعم
652,LTC,S2,25-10-24,25-10-26 00:00,44س,0.24,نعم,لا
653,ZEC,S2,25-10-26,25-11-01 04:00,6ي 4س,49.82,نعم,نعم
654,LINK,P2,25-10-26,25-10-28 20:00,2ي 8س,-3.95,لا,نعم
655,HBAR,P3,25-10-26,25-10-28 04:00,40س,17.05,نعم,نعم
656,ADA,P3,25-10-26,25-10-28 12:00,2ي 0س,-3.66,لا,نعم
657,DOT,P1,25-11-02,25-11-02 16:00,12س,-4.64,لا,نعم
658,BTC,P2,25-11-02,25-11-03 00:00,4س,-2.14,لا,نعم
659,XLM,P2,25-11-07,25-11-09 08:00,40س,-6.10,لا,نعم
660,XRP,S2,25-11-09,25-11-12 16:00,3ي 0س,0.42,نعم,نعم
661,ADA,P3,25-11-10,25-11-11 20:00,40س,-5.80,لا,نعم
662,ARB,P3,25-11-11,25-11-11 12:00,12س,-7.26,لا,نعم
663,LTC,P2,25-11-15,25-11-16 16:00,40س,-7.99,لا,نعم
664,HBAR,S2,25-11-23,25-11-24 12:00,20س,-7.49,لا,نعم
665,BNB,P1,25-11-24,25-12-01 04:00,6ي 12س,-5.09,لا,نعم
666,BTC,P2,25-11-24,25-12-01 12:00,6ي 20س,-3.92,لا,نعم
667,ARB,P3,25-11-24,25-12-01 00:00,6ي 8س,-7.17,لا,نعم
668,XRP,S2,25-11-24,25-12-01 00:00,6ي 8س,-6.31,لا,نعم
669,TRX,P2,25-11-26,25-12-10 12:00,13ي 20س,1.40,نعم,نعم
670,ADA,P3,25-12-02,25-12-05 16:00,3ي 0س,-5.69,لا,نعم
671,ADA,S2,25-12-02,25-12-05 16:00,3ي 0س,-5.69,لا,نعم
672,LINK,P2,25-12-03,25-12-05 16:00,2ي 12س,-5.19,لا,نعم
673,ETH,P2,25-12-07,25-12-11 12:00,3ي 20س,2.60,نعم,نعم
674,LINK,P2,25-12-09,25-12-11 00:00,32س,-5.52,لا,نعم
675,DOGE,P3,25-12-09,25-12-10 20:00,28س,-4.61,لا,نعم
676,ARB,P3,25-12-09,25-12-11 00:00,32س,-5.59,لا,نعم
677,LTC,S2,25-12-09,25-12-11 00:00,32س,-3.93,لا,نعم
678,ZEC,S2,25-12-19,26-01-08 08:00,19ي 20س,-3.88,لا,نعم
679,ADA,P3,25-12-22,25-12-23 12:00,24س,-4.70,لا,نعم
680,BTC,P2,25-12-22,25-12-24 12:00,40س,-2.61,لا,نعم
681,LTC,P2,25-12-26,26-01-12 00:00,17ي 0س,2.27,نعم,نعم
682,BTC,P2,25-12-28,26-01-14 00:00,16ي 4س,6.91,نعم,نعم
683,ARB,P3,26-01-01,26-01-11 20:00,10ي 0س,0.79,نعم,نعم
684,DOGE,P3,26-01-02,26-01-04 00:00,2ي 0س,16.67,نعم,نعم
685,ADA,P3,26-01-04,26-01-16 12:00,12ي 12س,-4.87,لا,نعم
686,LINK,P2,26-01-05,26-01-08 04:00,2ي 20س,-3.41,لا,نعم
687,FET,P1,26-01-08,26-01-18 20:00,10ي 8س,-10.37,لا,نعم
688,ETC,S2,26-01-13,26-01-15 16:00,2ي 4س,-3.96,لا,نعم
689,LINK,P2,26-01-13,26-01-19 00:00,5ي 8س,-3.28,لا,نعم
690,DOGE,P3,26-01-13,26-01-16 08:00,2ي 16س,-4.26,لا,نعم
691,TRX,S2,26-01-15,26-01-20 08:00,4ي 16س,-2.24,لا,نعم
692,ARB,P3,26-01-17,26-01-19 00:00,40س,-4.79,لا,نعم
693,TRX,S2,26-02-08,26-02-13 16:00,5ي 4س,0.53,نعم,لا
694,XLM,P2,26-02-08,26-02-11 08:00,2ي 16س,-6.77,لا,نعم
695,DOGE,P3,26-02-13,26-02-19 04:00,5ي 12س,0.91,نعم,نعم
696,ZEC,S2,26-02-13,26-02-17 08:00,3ي 16س,-1.48,لا,نعم
697,HBAR,P3,26-02-14,26-02-23 00:00,9ي 0س,-6.34,لا,نعم
698,TRX,P2,26-02-17,26-03-18 00:00,28ي 8س,6.92,نعم,نعم
699,TRX,S2,26-02-20,26-02-24 08:00,3ي 20س,-2.24,لا,نعم
700,LINK,P2,26-02-20,26-02-23 00:00,2ي 4س,-4.37,لا,نعم
701,DOT,P1,26-02-25,26-02-26 00:00,16س,26.46,نعم,نعم
702,DOGE,P3,26-02-25,26-02-26 16:00,28س,-5.26,لا,نعم
703,ADA,P3,26-02-25,26-02-27 16:00,2ي 4س,-5.31,لا,نعم
704,LTC,S2,26-02-25,26-02-26 16:00,28س,-4.93,لا,نعم
705,ETH,P2,26-03-02,26-03-06 12:00,4ي 12س,3.50,نعم,نعم
706,DOGE,P3,26-03-04,26-03-06 08:00,44س,-6.53,لا,نعم
707,XRP,S2,26-03-04,26-03-06 12:00,2ي 0س,-5.64,لا,نعم
708,ARB,P3,26-03-04,26-03-06 12:00,44س,-7.17,لا,نعم
709,XLM,P2,26-03-10,26-03-17 04:00,7ي 4س,14.00,نعم,نعم
710,XLM,S2,26-03-10,26-03-22 16:00,12ي 12س,0.37,نعم,نعم
711,ARB,P3,26-03-13,26-03-19 12:00,6ي 12س,-4.93,لا,نعم
712,DOGE,P3,26-03-13,26-03-14 00:00,16س,-5.05,لا,نعم
713,LINK,P2,26-03-16,26-03-18 12:00,2ي 12س,-4.04,لا,نعم
714,ADA,P3,26-03-16,26-03-19 12:00,3ي 12س,-4.36,لا,نعم
715,ETH,P2,26-03-24,26-03-26 12:00,40س,-4.47,لا,نعم
716,BTC,P2,26-03-24,26-03-26 16:00,44س,-3.51,لا,نعم
717,ZEC,S2,26-03-24,26-03-26 04:00,32س,-7.43,لا,نعم
718,ADA,P3,26-03-25,26-03-26 04:00,20س,-4.36,لا,نعم
719,DOGE,P3,26-03-25,26-03-26 04:00,20س,-4.43,لا,نعم
720,TRX,P2,26-03-26,26-03-31 12:00,4ي 16س,1.40,نعم,نعم
721,ETH,P2,26-03-31,26-04-14 16:00,14ي 16س,12.73,نعم,نعم
722,FET,P1,26-04-01,26-04-18 16:00,17ي 12س,-9.41,لا,نعم
723,HBAR,P3,26-04-01,26-04-02 00:00,16س,-4.08,لا,نعم
724,XLM,S2,26-04-01,26-04-02 00:00,16س,-4.17,لا,نعم
725,ADA,P3,26-04-01,26-04-02 04:00,16س,-4.77,لا,نعم
726,ETC,S2,26-04-04,26-04-05 00:00,8س,-4.22,لا,نعم
727,BNB,P1,26-04-05,26-05-06 16:00,30ي 20س,10.47,نعم,نعم
728,LINK,P2,26-04-06,26-04-07 12:00,36س,-3.28,لا,نعم
729,ARB,P3,26-04-06,26-04-10 20:00,4ي 20س,17.66,نعم,نعم
730,ZEC,S2,26-04-06,26-04-08 04:00,2ي 4س,23.60,نعم,نعم
731,ADA,P3,26-04-07,26-04-08 20:00,24س,-4.71,لا,نعم
732,HBAR,S2,26-04-08,26-04-09 00:00,16س,-4.20,لا,نعم
733,LTC,P2,26-04-09,26-04-12 20:00,3ي 8س,-2.53,لا,نعم
734,TRX,S2,26-04-09,26-04-16 16:00,7ي 0س,1.94,نعم,لا
735,DOGE,P3,26-04-10,26-04-12 00:00,32س,-3.57,لا,نعم
736,LINK,P2,26-04-13,26-04-14 16:00,20س,-3.99,لا,نعم
737,ARB,P3,26-04-16,26-05-03 08:00,17ي 8س,0.91,نعم,نعم
738,XRP,S2,26-04-16,26-04-19 04:00,2ي 12س,-3.50,لا,نعم
739,DOGE,P3,26-04-17,26-04-18 08:00,20س,-4.38,لا,نعم
740,XLM,S2,26-04-20,26-04-26 04:00,5ي 12س,-2.66,لا,لا
741,BTC,P2,26-04-21,26-05-18 00:00,26ي 4س,1.79,نعم,نعم
742,LTC,P2,26-04-21,26-05-16 04:00,24ي 8س,1.67,نعم,نعم
743,ADA,P3,26-04-22,26-04-23 08:00,28س,-3.97,لا,نعم
744,HBAR,S2,26-04-26,26-04-27 12:00,32س,-2.67,لا,نعم
745,HBAR,P3,26-04-26,26-04-27 04:00,20س,-2.62,لا,نعم
746,DOGE,P3,26-05-01,26-05-18 04:00,16ي 20س,-4.78,لا,نعم
747,ZEC,S2,26-05-01,26-05-05 20:00,4ي 8س,54.73,نعم,نعم
748,FET,P1,26-05-02,26-05-09 04:00,6ي 16س,23.11,نعم,نعم
749,ADA,P3,26-05-05,26-05-15 12:00,10ي 8س,0.67,نعم,نعم
750,TRX,S2,26-05-05,26-05-10 20:00,5ي 0س,1.53,نعم,لا
751,LINK,P2,26-05-08,26-05-15 12:00,6ي 20س,-3.81,لا,نعم
752,LTC,S2,26-05-10,26-05-11 00:00,4س,-3.04,لا,نعم
753,XRP,S2,26-05-14,26-05-15 04:00,12س,-3.82,لا,نعم
754,TRX,S2,26-05-21,26-05-28 04:00,7ي 4س,0.35,نعم,نعم
755,BTC,P2,26-05-21,26-05-22 16:00,24س,-2.14,لا,نعم
756,BTC,P2,26-05-26,26-05-27 00:00,16س,-2.14,لا,نعم
757,ARB,P3,26-05-26,26-05-27 20:00,36س,-5.08,لا,نعم
758,XLM,P2,26-05-27,26-05-28 12:00,24س,15.92,نعم,نعم
759,BNB,P1,26-05-30,26-05-31 04:00,28س,13.06,نعم,نعم
760,LTC,P2,26-05-30,26-06-01 04:00,2ي 4س,-2.70,لا,نعم
761,TRX,P2,26-06-08,26-06-09 08:00,24س,-2.14,لا,نعم
762,ETH,P2,26-06-11,26-06-18 12:00,6ي 20س,2.91,نعم,نعم
763,XLM,P2,26-06-12,26-06-15 12:00,3ي 4س,-7.30,لا,نعم
764,ARB,P3,26-06-13,26-06-18 12:00,5ي 4س,-5.74,لا,نعم
765,LTC,S2,26-06-13,26-06-22 08:00,8ي 20س,2.54,نعم,لا
766,XRP,P1,26-06-14,26-06-18 12:00,3ي 16س,-3.86,لا,نعم
767,DOGE,P3,26-06-15,26-06-17 08:00,2ي 8س,-3.69,لا,نعم
768,LINK,P2,26-06-15,26-06-16 00:00,12س,-3.84,لا,نعم
769,BTC,P2,26-06-17,26-06-17 16:00,4س,-2.63,لا,نعم
770,TRX,P2,26-06-18,26-06-26 00:00,7ي 8س,1.40,نعم,نعم
771,BNB,P1,26-06-21,26-06-23 08:00,2ي 8س,-2.56,لا,نعم
772,TRX,S2,26-06-22,26-06-25 12:00,3ي 4س,-2.24,لا,نعم
773,SOL,P1,26-06-26,26-08-22 00:00,56ي 12س,36.23,نعم,نعم
774,TRX,P2,26-06-29,26-06-30 12:00,24س,-2.14,لا,نعم
775,ETH,P2,26-06-29,26-06-30 12:00,20س,-3.97,لا,نعم
776,ADA,P3,26-07-01,26-07-04 12:00,2ي 16س,22.99,نعم,نعم
777,ADA,S2,26-07-01,26-07-04 16:00,2ي 20س,31.54,نعم,نعم
778,LINK,P2,26-07-02,26-08-15 00:00,43ي 12س,16.59,نعم,نعم
779,DOGE,P3,26-07-03,26-07-08 00:00,4ي 12س,-3.92,لا,نعم
780,ARB,P3,26-07-04,26-07-05 08:00,16س,-4.60,لا,نعم
781,LTC,S2,26-07-05,26-07-06 12:00,20س,-3.64,لا,نعم
782,TRX,S2,26-07-07,26-07-12 16:00,5ي 8س,0.03,نعم,لا
783,LTC,P2,26-07-10,26-07-13 16:00,3ي 16س,-3.06,لا,نعم
784,ARB,P3,26-07-11,26-07-13 00:00,36س,-7.11,لا,نعم
785,ZEC,S2,26-07-12,26-07-13 12:00,20س,-5.92,لا,نعم
786,XRP,S2,26-07-14,26-07-17 00:00,2ي 8س,-3.03,لا,نعم
787,LTC,S2,26-07-18,26-07-22 00:00,3ي 12س,0.15,نعم,لا
788,DOGE,P3,26-07-20,26-07-23 12:00,3ي 0س,-2.80,لا,نعم
789,HBAR,S2,26-07-22,26-07-24 00:00,2ي 0س,0.35,نعم,نعم
790,ETC,S2,26-07-26,26-07-27 20:00,24س,-3.53,لا,نعم
791,BTC,P2,26-07-27,26-07-27 20:00,4س,-2.14,لا,نعم
792,TRX,S2,26-07-30,26-08-04 00:00,4ي 16س,-0.06,لا,لا
793,ARB,P3,26-08-03,26-08-06 00:00,2ي 4س,-3.39,لا,نعم
794,ADA,S2,26-08-04,26-08-06 04:00,2ي 4س,-5.41,لا,نعم
795,ADA,P3,26-08-06,26-08-07 12:00,24س,-5.91,لا,نعم
796,ZEC,S2,26-08-07,26-08-11 00:00,3ي 12س,-4.16,لا,نعم
797,TRX,P2,26-08-08,26-09-01 08:00,24ي 0س,1.40,نعم,نعم
798,ETH,P2,26-08-17,26-08-19 16:00,2ي 16س,7.70,نعم,نعم
799,HBAR,S2,26-08-17,26-08-20 12:00,3ي 0س,9.09,نعم,نعم
800,ARB,P3,26-08-19,26-08-19 20:00,12س,14.89,نعم,نعم
801,LINK,P2,26-08-19,26-08-21 04:00,36س,12.17,نعم,نعم
802,DOGE,P3,26-08-19,26-08-20 16:00,24س,9.28,نعم,نعم
803,XLM,S2,26-08-20,26-08-22 08:00,44س,15.95,نعم,نعم
804,ADA,P3,26-08-21,26-08-22 04:00,28س,0.99,نعم,نعم
805,HBAR,P3,26-08-21,26-08-22 04:00,24س,0.75,نعم,نعم
806,ETC,S2,26-08-24,26-08-30 20:00,6ي 0س,-7.14,لا,نعم
807,LINK,P2,26-08-27,26-08-30 20:00,3ي 12س,-5.16,لا,نعم
808,DOGE,P3,26-08-27,26-08-30 20:00,3ي 8س,-6.14,لا,نعم
809,ARB,P3,26-09-01,26-09-05 20:00,4ي 20س,46.45,نعم,نعم
810,ETH,P2,26-09-03,26-09-04 12:00,24س,-3.37,لا,نعم
811,ADA,P3,26-09-03,26-09-04 12:00,24س,-5.17,لا,نعم
812,ZEC,S2,26-09-03,26-09-09 12:00,6ي 0س,38.85,نعم,نعم
813,LINK,P2,26-09-03,26-09-09 08:00,5ي 16س,2.65,نعم,نعم
814,DOGE,P3,26-09-05,26-09-09 20:00,4ي 4س,-4.96,لا,نعم
815,ETH,P2,26-09-11,26-09-13 12:00,2ي 0س,-3.75,لا,نعم
816,XLM,S2,26-09-14,26-09-15 16:00,36س,-4.06,لا,نعم
817,ETH,P2,26-09-17,26-09-18 16:00,28س,1.89,نعم,لا
818,BTC,P2,26-09-18,26-09-21 12:00,3ي 12س,7.95,نعم,نعم
819,ZEC,S2,26-09-18,26-09-22 00:00,4ي 0س,-4.06,لا,لا
820,DOGE,P3,26-09-18,26-09-22 08:00,3ي 20س,17.38,نعم,نعم
821,ADA,P3,26-09-18,26-09-22 00:00,3ي 8س,0.60,نعم,لا
822,LINK,P2,26-09-21,26-09-23 12:00,44س,-4.69,لا,نعم
823,HBAR,S2,26-09-22,26-09-28 16:00,6ي 16س,32.14,نعم,نعم
824,ARB,P3,26-09-23,26-09-23 12:00,12س,-11.32,لا,نعم
